"RANK","NAME","TEAM","POS","AGE","GP","MPG","USG%","TO%","FTA","FT%","2PA","2P%","3PA","3P%","eFG%","TS%","PPG","RPG","APG","SPG","BPG","TPG","P+R","P+A","P+R+A","VI","ORtg","DRtg"
"","Giannis Antetokounmpo","Mil","F","30","13","35.3","35.7","12.9","126","0.587","266","0.617","10","0.2","0.605","0.615","31.4","12.4","5.9","0.5","1.5","3.2","43.8","37.3","49.7","15","119.8","104.2"
"","Anthony Davis","Lal","F-C","31.7","12","35.1","32.1","10.5","129","0.798","202","0.579","28","0.429","0.587","0.65","31.1","11.2","2.6","1.3","2","2.3","42.3","33.7","44.8","11","127.1","110.8"
"","Nikola Jokic","Den","C","29.7","10","38.1","29.5","17.6","70","0.843","153","0.562","39","0.564","0.62","0.667","29.7","13.7","11.7","1.7","1","4.1","43.4","41.4","55.1","17.7","132.7","108.3"
"","Jayson Tatum","Bos","F-G","26.7","14","36.5","31.7","12.5","121","0.818","125","0.56","155","0.381","0.566","0.624","29.7","7.9","5.9","1.4","0.6","2.9","37.6","35.6","43.4","12.2","123.5","104.5"
"","LaMelo Ball","Cha","G","23.2","13","33.9","37.4","15.7","68","0.882","140","0.521","166","0.361","0.533","0.575","29.7","5","6.7","1.2","0.2","4.4","34.7","36.4","41.4","11.8","112.5","106.5"
"","Paolo Banchero","Orl","F","22","5","36.4","31.8","10.2","59","0.644","65","0.569","32","0.344","0.552","0.59","29","8.8","5.6","0.6","0.8","2.2","37.8","34.6","43.4","12.4","120","101.6"
"","De'Aaron Fox","Sac","G","26.9","15","37.4","32","15","99","0.838","219","0.571","93","0.355","0.559","0.607","28.8","5","5.7","1.7","0.1","3.7","33.8","34.5","39.5","10","115.1","108.3"
"","Shai Gilgeous-Alexander","Okc","G","26.4","14","33.5","32.9","11.4","105","0.886","203","0.576","76","0.316","0.548","0.613","28.5","5.3","6.3","1.6","1.2","2.6","33.8","34.8","40.1","11.7","121.8","104.7"
"","Luka Doncic","Dal","F-G","25.7","13","37.2","33.9","12.5","87","0.793","170","0.506","131","0.321","0.495","0.541","28.2","7.8","7.8","1.5","0.3","3.3","36.1","36.1","43.9","12.9","111.5","106.3"
"","Anthony Edwards","Min","G","23.3","14","37.1","30.5","13","61","0.754","136","0.537","158","0.424","0.59","0.612","28.1","5.1","3.8","1.1","0.5","3.1","33.1","31.9","36.9","8.8","112.9","110.5"
"","Kevin Durant","Pho","F","36.1","9","38.8","27.2","15.7","55","0.836","105","0.619","56","0.429","0.627","0.67","27.6","6.6","3.4","0.8","1.4","3.3","34.1","31","37.6","8.8","116.6","113.3"
"","Tyrese Maxey","Phi","G","24","7","39.7","31.5","7.8","45","0.822","88","0.511","77","0.286","0.473","0.522","27.6","3","3.9","1.4","0.6","2","30.6","31.4","34.4","6.9","105.1","111.8"
"","Karl-Anthony Towns","Nyk","C-F","29","13","32.9","29.1","9.2","72","0.847","160","0.556","66","0.515","0.619","0.662","26.2","12.4","3","0.8","0.8","1.8","38.6","29.2","41.6","12.1","131.6","104.3"
"","Jaylen Brown","Bos","G-F","28.1","10","36.8","30.5","10.3","82","0.78","132","0.5","68","0.294","0.48","0.542","25.6","7.1","4","1.1","0.4","2.3","32.7","29.6","36.7","9.8","112.4","106.1"
"","Damian Lillard","Mil","G","34.3","11","35.8","29.2","12.9","84","0.905","98","0.541","98","0.327","0.515","0.597","25.3","4.5","6.9","0.9","0.2","2.6","29.8","32.2","36.7","10.3","120.1","113.2"
"","Kyrie Irving","Dal","G","32.7","13","35.1","25.3","10","47","0.851","151","0.556","73","0.521","0.629","0.658","24.8","4.6","5.1","1.4","0.2","1.9","29.4","29.8","34.5","9.5","129.9","112.2"
"","Donovan Mitchell","Cle","G","28.2","14","31.2","31.3","10","55","0.855","134","0.515","126","0.421","0.571","0.605","24.6","4.4","4.1","1.5","0.3","2.1","28.9","28.6","33","9.8","116.8","107.2"
"","Cam Thomas","Bro","G","23.1","14","34.2","30.5","13.5","89","0.865","147","0.503","102","0.392","0.538","0.599","24.6","3.4","3.1","0.9","0.1","2.8","28","27.7","31.1","7.5","110.9","116.4"
"","Jalen Brunson","Nyk","G","28.2","14","34.2","30","10.5","89","0.82","171","0.515","83","0.373","0.53","0.583","24.4","2.9","7.1","0.6","0","2.1","27.4","31.6","34.5","9.3","121.8","114.9"
"","Tyler Herro","Mia","G","24.8","13","33.7","27.3","13.4","50","0.88","93","0.538","126","0.452","0.619","0.654","24.2","4.9","5.2","0.6","0.2","2.6","29.2","29.4","34.3","10.1","122.1","111.2"
"","Brandon Ingram","Nor","F","27.2","14","33.6","31.6","15.9","39","0.872","183","0.525","96","0.365","0.532","0.559","23.6","6","5.4","0.9","0.6","3.8","29.6","29.1","35.1","10.9","107.2","112.9"
"","Devin Booker","Pho","G","28.1","15","36.7","27.3","10.8","97","0.887","151","0.497","114","0.342","0.504","0.574","23.5","3.7","6.5","1.1","0.5","2.1","27.3","30.1","33.8","9","120.3","114.2"
"","LeBron James","Lal","F","39.9","13","35.4","27.4","17.8","66","0.758","144","0.556","72","0.431","0.586","0.618","23.3","8.6","9.2","0.7","0.5","3.6","31.9","32.5","41.2","13.9","119.6","113.7"
"","Norman Powell","Lac","G","31.5","15","33.4","26.1","11.5","60","0.817","128","0.492","119","0.487","0.607","0.638","23.3","3.1","2.3","1.1","0.2","2.1","26.3","25.6","28.7","6.6","117.7","110.1"
"","Cade Cunningham","Det","G","23.2","16","36.3","30.7","19.1","69","0.812","217","0.479","97","0.371","0.503","0.54","23.3","7.3","8.8","0.9","0.9","4.6","30.5","32.1","39.3","12.6","105.8","107"
"","RJ Barrett","Tor","F-G","24.4","12","34.1","31.1","14.1","76","0.697","163","0.46","74","0.338","0.475","0.514","23.2","6.4","6.5","0.9","0.3","3.3","29.6","29.7","36.1","11.6","105.5","114.1"
"","Jaren Jackson Jr.","Mem","F-C","25.2","12","28.8","27.9","11","69","0.797","126","0.619","60","0.367","0.597","0.64","23.1","5.7","1.1","1.4","1.4","1.9","28.8","24.2","29.8","7.3","118.9","100.7"
"","Stephen Curry","Gol","G","36.7","10","29.1","30.3","17.6","35","0.943","67","0.552","96","0.427","0.604","0.645","23","5.3","6.4","1.8","0.6","3.5","28.3","29.4","34.7","12.7","119.6","105.5"
"","DeMar DeRozan","Sac","G-F","35.3","12","36.5","24.8","10.6","71","0.859","169","0.544","25","0.4","0.552","0.61","22.9","4.1","4.1","1.7","0.7","1.9","27","27","31.1","8","120.7","113.4"
"","Franz Wagner","Orl","F","23.2","15","31.2","30.4","9.6","65","0.846","183","0.525","89","0.36","0.529","0.571","22.9","5.5","5","1.4","0.3","1.9","28.4","27.9","33.4","11","115.4","101"
"","Zion Williamson","Nor","F","24.4","6","31.1","34.8","17.4","60","0.667","98","0.459","6","0.333","0.462","0.521","22.7","8","5.3","0.7","1.2","3.7","30.7","28","36","12.7","105.6","110.1"
"","Victor Wembanyama","San","F-C","20.9","13","31.5","31.3","16.7","47","0.872","117","0.598","112","0.339","0.555","0.591","22.7","10.5","2.8","1.3","3.7","3.5","33.2","25.5","36","11.1","106.8","105"
"","Trae Young","Atl","G","26.2","14","36.4","28.5","21.4","96","0.896","123","0.415","123","0.35","0.47","0.55","22.6","4","11.6","1.1","0.1","4.8","26.6","34.3","38.3","11.2","111","117.2"
"","Zach LaVine","Chi","G","29.7","12","34.2","24.2","15.8","44","0.773","98","0.582","88","0.42","0.605","0.631","21.6","5.3","4.1","0.9","0.5","2.9","26.8","25.7","30.9","9.1","111.2","115.8"
"","Julius Randle","Min","F-C","30","14","34","25.9","16.5","81","0.827","139","0.568","68","0.382","0.57","0.624","21.6","6.5","4.4","0.6","0.1","2.9","28.1","26.1","32.6","10","120.2","109.3"
"","Darius Garland","Cle","G","24.8","15","30.2","27.2","15.2","44","0.932","122","0.582","101","0.455","0.628","0.662","21.4","2.4","7","1.2","0.3","2.7","23.8","28.4","30.8","9.4","126.3","107.9"
"","Jordan Poole","Was","G","25.4","13","29.9","28.1","17","51","0.902","101","0.475","99","0.444","0.57","0.616","21.1","2.3","4.5","1.9","0.5","3.2","23.4","25.6","27.9","8.1","110.9","114.4"
"","Jalen Williams","Okc","G-F","23.6","14","32.2","25.9","11.7","40","0.8","159","0.56","67","0.403","0.573","0.597","20.8","6.4","5","2","1","2.1","27.1","25.8","32.1","10.8","116.4","97.6"
"","Nikola Vucevic","Chi","C","34.1","15","32.1","21.5","10.5","33","0.848","148","0.642","64","0.484","0.667","0.686","20.7","9.9","3","0.6","0.9","1.7","30.6","23.7","33.6","10.6","128.9","111.5"
"","Ja Morant","Mem","G","25.3","8","27.8","33.1","21.3","54","0.833","94","0.511","31","0.258","0.48","0.555","20.6","5","9.1","0.6","0.3","4.3","25.6","29.8","34.8","14.1","109.6","106.5"
"","Pascal Siakam","Ind","F","30.6","14","34.2","22","8.1","44","0.773","140","0.593","63","0.46","0.623","0.645","20.5","6.5","4.1","0.7","0.1","1.3","27","24.6","31.1","9.6","129.5","113.7"
"","De'Andre Hunter","Atl","F-G","27","4","26.1","24.9","3.7","22","0.864","29","0.517","23","0.478","0.606","0.665","20.5","4.5","1.5","0.5","0.5","0.5","25","22","26.5","7.9","134.5","106.2"
"","Domantas Sabonis","Sac","F-C","28.5","13","36.5","20.9","22","59","0.847","126","0.698","30","0.4","0.679","0.72","20.2","12.5","6.6","0.6","0.5","3.4","32.7","26.8","39.3","13","131.4","102.9"
"","James Harden","Lac","G","35.2","15","34.9","28.6","21.6","100","0.86","120","0.433","119","0.311","0.45","0.532","20.1","7.7","9","1.6","1","4.4","27.8","29.1","36.8","12.8","106.9","104.8"
"","Coby White","Chi","G","24.8","15","32.9","23.5","15.9","54","0.889","81","0.543","135","0.4","0.579","0.621","19.9","3.3","4.7","1.3","0.3","2.7","23.2","24.6","27.9","8.2","113.1","113.3"
"","Jalen Green","Hou","G","22.8","15","32.7","27.1","12.9","56","0.875","137","0.453","125","0.328","0.471","0.516","19.7","5","2.7","0.8","0.3","2.6","24.7","22.5","27.5","7.9","102.6","104.3"
"","Bennedict Mathurin","Ind","G-F","22.4","14","31.2","23.1","13.4","84","0.821","114","0.57","54","0.463","0.61","0.668","19.6","6.7","1.7","0.6","0.1","1.9","26.3","21.3","28","7.8","123.7","113.1"
"","Jalen Johnson","Atl","F","22.9","14","36.6","23.5","18.6","59","0.729","155","0.542","64","0.313","0.521","0.553","19.4","10","5.4","1.4","1.1","3.6","29.4","24.7","34.7","11.1","105.3","110.7"
"","Scottie Barnes","Tor","F-G","23.3","4","33.6","27.3","20.2","23","0.739","52","0.519","11","0.182","0.476","0.527","19.3","7.8","6","2","0.5","4","27","25.3","33","11.5","103.2","110.8"
"","Derrick White","Bos","G","30.4","14","34.3","21.1","9.6","35","0.857","66","0.576","131","0.405","0.596","0.624","18.9","4.5","4.3","0.9","1.1","1.5","23.4","23.2","27.7","8.3","126.9","108.1"
"","CJ McCollum","Nor","G","33.2","4","34.2","23.6","10.9","6","0.667","31","0.516","34","0.382","0.546","0.554","18.8","3.5","4","2.3","1","2","22.3","22.8","26.3","7.5","110.1","116"
"","Gradey Dick","Tor","G-F","21","15","33","22.9","10.5","65","0.908","117","0.487","104","0.346","0.502","0.563","18.7","2.8","2.4","0.9","0.3","1.7","21.5","21.1","23.9","6.1","113.2","118.3"
"","Jaden Ivey","Det","G","22.8","15","32.3","26.5","16.6","68","0.735","151","0.483","75","0.36","0.502","0.541","18.5","4.5","4.3","0.8","0.5","3","23","22.7","27.3","8.8","104.9","107.3"
"","Dennis Schroder","Bro","G","31.2","14","34.2","22.6","13.4","45","0.867","99","0.475","94","0.426","0.554","0.594","18.1","2.9","6.1","1.3","0","2.1","20.9","24.1","27","8","117.6","114.3"
"","Evan Mobley","Cle","C","23.4","14","30.6","23.6","15.8","55","0.818","151","0.603","24","0.375","0.597","0.638","18.1","8.8","2.4","0.9","1.5","2.4","26.9","20.5","29.3","9.5","118.2","104.6"
"","Austin Reaves","Lal","G","26.5","13","34.8","21.3","12.8","47","0.787","75","0.573","102","0.363","0.556","0.592","18","4","5.5","1.2","0.3","2","22","23.5","27.5","8.4","118.5","112.5"
"","Shaedon Sharpe","Por","G","21.5","6","26.8","27.3","11.3","24","0.667","50","0.62","36","0.278","0.535","0.559","18","3","2","1","0.2","1.8","21","20","23","7.1","108.6","112.9"
"","Bradley Beal","Pho","G","31.4","9","34.8","20.5","8.9","26","0.808","62","0.565","60","0.383","0.57","0.6","17.8","4","3.7","1.4","0.9","1.3","21.8","21.4","25.4","7.4","119.1","110.5"
"","Michael Porter Jr.","Den","F","26.4","12","36.2","19","7.1","22","0.773","84","0.548","87","0.402","0.576","0.592","17.8","6.6","2.8","0.9","0.4","1.1","24.4","20.6","27.2","7.6","119.6","111.7"
"","Jimmy Butler","Mia","F","35.2","9","30.9","22.9","12","69","0.783","88","0.545","14","0.214","0.515","0.601","17.7","5.3","4.9","1.4","0.2","1.6","23","22.6","27.9","10","129.7","112.3"
"","Myles Turner","Ind","C-F","28.7","12","32.9","23.1","15.8","45","0.689","93","0.516","66","0.424","0.566","0.59","17.6","6.8","1.4","0.9","1.8","2.5","24.4","19","25.8","6.7","103","110"
"","Desmond Bane","Mem","G","26.4","7","26.9","25.3","12.6","16","0.875","54","0.593","43","0.349","0.562","0.591","17.6","6.3","3.3","1","0.6","2","23.9","20.9","27.1","10.6","113.2","101.6"
"","John Collins","Uta","F-C","27.2","13","27.1","26.2","17.4","42","0.976","130","0.569","36","0.361","0.563","0.618","17.5","7.8","2.6","1.5","0.8","2.7","25.4","20.2","28","10.5","115.2","107.8"
"","Alperen Sengun","Hou","C","22.3","15","29.5","25.8","12.3","66","0.758","195","0.492","25","0.28","0.484","0.528","17.5","11.1","4.9","1","1.4","2.1","28.6","22.5","33.5","13.3","115.3","96.4"
"","O.G. Anunoby","Nyk","F-G","27.3","14","36.4","18.8","8.1","40","0.8","103","0.602","79","0.367","0.58","0.609","17.4","5.4","2.2","1.4","0.6","1.1","22.8","19.6","25","6.5","121.4","112"
"","Jamal Murray","Den","G","27.7","9","36.3","22.4","11.5","35","0.857","85","0.459","53","0.302","0.457","0.508","17.3","4.4","5.4","1.2","0.2","2","21.8","22.8","27.2","8.2","107.7","113.6"
"","Lauri Markkanen","Uta","F-C","27.5","10","30.8","21.7","12.6","54","0.833","61","0.41","57","0.456","0.542","0.61","17.3","6.4","2.4","0.6","0","1.7","23.7","19.7","26.1","8.3","122","117.8"
"","Jakob Poeltl","Tor","C","29.1","15","32.9","20.6","18","48","0.646","186","0.608","0","0","0.608","0.62","17.1","11.9","2.7","1.2","1.3","2.7","29","19.8","31.7","10","114.7","107.4"
"","Kyle Kuzma","Was","F","29.3","8","28","30.7","15.9","20","0.7","84","0.476","48","0.292","0.462","0.483","17","6.8","2.1","0.3","0.4","3.1","23.8","19.1","25.9","8.9","87.5","118.4"
"","Jerami Grant","Por","F","30.7","14","33","22.2","8.9","59","0.797","111","0.423","94","0.34","0.463","0.513","16.9","3.4","2.1","0.9","1.2","1.4","20.3","19.1","22.4","6","106.4","114.2"
"","Buddy Hield","Gol","G","31.9","13","24.9","23.6","8.9","14","0.857","59","0.542","104","0.462","0.638","0.65","16.9","3.8","1.8","0.8","0.4","1.2","20.8","18.8","22.6","7.8","123","104.4"
"","Cameron Johnson","Bro","F","28.7","14","33.2","18.5","3.4","43","0.907","63","0.619","105","0.381","0.589","0.634","16.9","4.2","2.9","0.6","0.4","0.4","21.1","19.8","24","7.1","132.2","115.5"
"","Paul George","Phi","F","34.6","7","30.6","28.2","19.1","27","0.815","49","0.51","52","0.288","0.47","0.518","16.7","5.6","5.1","2.4","0.3","3.4","22.3","21.9","27.4","10.2","99","105.4"
"","Mikal Bridges","Nyk","G-F","28.2","14","38.5","18.6","9.9","11","0.636","109","0.633","90","0.311","0.558","0.562","16.4","4","3.5","1.1","0.6","1.6","20.4","19.9","23.9","6.4","113.1","117.3"
"","Chet Holmgren","Okc","C-F","22.6","10","26.5","25.1","17.1","49","0.776","74","0.568","37","0.378","0.568","0.619","16.4","8.7","2","0.8","2.6","2.3","25.1","18.4","27.1","9.9","113.1","97.5"
"","Bam Adebayo","Mia","C-F","27.3","13","35.3","22","9.8","65","0.708","151","0.45","32","0.313","0.454","0.501","16.3","9.5","3.9","1.8","1.2","1.5","25.8","20.2","29.7","9.6","111.6","108.2"
"","Anfernee Simons","Por","G","25.4","12","29.7","25.5","14","36","0.917","91","0.462","87","0.299","0.455","0.503","16.3","2","4.3","0.8","0.1","2.4","18.3","20.5","22.5","7","102.2","117.4"
"","Jordan Hawkins","Nor","G","22.6","8","30.3","22.7","11.2","29","0.931","51","0.451","52","0.365","0.5","0.562","16.3","4.5","1.4","0.1","0.4","1.6","20.8","17.6","22.1","6.2","110.9","118.2"
"","Devin Vassell","San","G-F","24.2","4","22.6","29.3","12.4","11","1","22","0.545","27","0.37","0.551","0.604","16.3","1.3","3.5","0.5","0.5","1.8","17.5","19.8","21","7.4","116.5","109.1"
"","Tyrese Haliburton","Ind","G","24.7","14","35.2","21.9","10.6","49","0.816","90","0.5","111","0.288","0.463","0.508","16.1","3.7","8.5","1.4","0.6","1.7","19.9","24.6","28.4","9.1","114.7","117.3"
"","Christian Braun","Den","G","23.6","12","35.4","16.1","9.8","42","0.81","89","0.596","39","0.436","0.613","0.652","15.9","5.2","1.9","1.3","0.8","1.2","21.1","17.8","23","6.1","126.8","111"
"","Jordan Clarkson","Uta","G","32.4","11","26.1","27.8","12.8","41","0.78","75","0.52","75","0.28","0.47","0.515","15.7","3.8","3.8","1","0.1","2","19.5","19.5","23.4","9.3","106.4","117.4"
"","Fred VanVleet","Hou","G","30.7","14","34.7","19.2","7.1","37","0.784","94","0.5","103","0.311","0.482","0.513","15.6","4.6","6.1","1.7","0.4","1.1","20.2","21.7","26.3","8.8","118.6","102.8"
"","Miles Bridges","Cha","F","26.7","10","29.8","22.6","9.6","33","0.848","72","0.486","60","0.317","0.481","0.529","15.5","6.9","3.1","0.7","0.5","1.4","22.4","18.6","25.5","9.3","112.6","113.4"
"","Collin Sexton","Uta","G","25.9","13","26.4","24.8","17.9","55","0.873","96","0.458","50","0.44","0.527","0.593","15.5","2.9","3","0.8","0.2","2.5","18.5","18.5","21.5","7.8","111.5","112"
"","Payton Pritchard","Bos","G","26.8","14","28.2","19.9","10","26","0.885","29","0.655","124","0.419","0.634","0.66","15.5","2.6","2.8","1.1","0.1","1.2","18.1","18.3","20.9","6.9","128.8","109.1"
"","Aaron Gordon","Den","F","29.2","7","30.3","18.1","11.3","26","0.846","48","0.521","22","0.545","0.614","0.663","15.4","6.7","3.1","0.7","0.3","1.3","22.1","18.6","25.3","9","134.2","111.9"
"","Malik Beasley","Det","G","28","16","28.7","22.4","8.6","21","0.667","67","0.463","145","0.393","0.55","0.558","15.4","3","1.6","0.7","0.1","1.3","18.4","17.1","20.1","5.8","108.9","111.9"
"","Jeremy Sochan","San","F","21.5","7","29.3","23.9","15.6","25","0.68","74","0.554","12","0.25","0.529","0.557","15.4","7.7","3","1","0.4","2.3","23.1","18.4","26.1","9.7","108.4","103.9"
"","Ivica Zubac","Lac","C","27.7","15","34.1","19.3","15.4","53","0.604","175","0.566","0","0","0.566","0.58","15.3","12.4","2.3","0.7","1.2","2.1","27.7","17.7","30.1","8.9","114.3","104"
"","Immanuel Quickley","Tor","G","25.4","3","22.5","30.4","8.6","9","0.889","26","0.385","16","0.375","0.452","0.5","15.3","2","4","0.7","0","1.3","17.3","19.3","21.3","8.8","109.2","113.8"
"","Brandon Miller","Cha","F","22","9","30.2","24.6","10.5","17","0.941","51","0.431","85","0.306","0.449","0.481","15.3","4.2","3.8","1.3","0.4","1.8","19.6","19.1","23.3","8.3","103.4","111.7"
"","Andrew Wiggins","Gol","F","29.7","11","26.9","22.3","7.2","47","0.723","79","0.481","50","0.38","0.516","0.558","15.2","4.2","2.1","0.8","0.8","0.9","19.4","17.3","21.5","7.6","119.5","107.3"
"","Naz Reid","Min","C-F","25.2","14","24.7","21.8","9.4","32","0.906","70","0.629","74","0.432","0.639","0.674","15.2","5.2","1.6","0.5","0.4","1.1","20.4","16.9","22.1","8.1","128.4","105.3"
"","Jared McCain","Phi","G","20.7","13","21.3","27.7","8","27","1","78","0.538","71","0.408","0.574","0.615","15.2","2.2","2.5","0.5","0","1","17.4","17.8","19.9","8.2","121.8","113.2"
"","Jalen Suggs","Orl","G","23.5","15","30.1","24.2","19.2","42","0.929","87","0.529","102","0.304","0.489","0.54","14.9","4.8","3.8","1.5","1.1","3","19.7","18.7","23.5","8.6","99.1","99.3"
"","Dyson Daniels","Atl","G","21.7","13","33.9","19.6","12.9","23","0.609","119","0.555","56","0.286","0.514","0.524","14.9","4.8","3.2","3.4","1.1","2","19.8","18.1","22.9","7.2","102.7","110.1"
"","Bilal Coulibaly","Was","G","20.3","12","34.6","16.4","17.6","40","0.75","86","0.628","35","0.371","0.607","0.639","14.8","5.8","2.7","1.3","0.7","2.2","20.5","17.4","23.2","7.1","116.8","119.6"
"","Keyonte George","Uta","G","21","12","31.9","23.6","17.7","42","0.786","68","0.412","94","0.309","0.441","0.488","14.7","2.9","5.5","0.6","0.1","2.9","17.6","20.2","23.1","7.7","100.3","120.2"
"","Joel Embiid","Phi","C-F","30.7","3","30.1","26.8","21.1","18","1","24","0.417","13","0.154","0.351","0.49","14.7","6.3","4","0.3","1","3.3","21","18.7","25","9.5","95.8","111"
"","Jarrett Allen","Cle","C","26.6","15","30.2","16.8","12.1","61","0.754","130","0.662","0","0","0.662","0.695","14.5","10.9","1.7","1","1.3","1.2","25.5","16.2","27.1","8.5","135.6","106.7"
"","Tre Mann","Cha","G","23.8","11","24.8","24.9","13","17","1","83","0.494","51","0.392","0.53","0.562","14.5","3","3","0.6","0.3","1.8","17.5","17.5","20.5","8.2","112","113.1"
"","Trey Murphy III","Nor","F","24.4","3","27.2","26.7","14.5","7","1","19","0.474","22","0.273","0.439","0.488","14.3","5","1.7","0.3","0.7","2.3","19.3","16","21","7.3","95.4","111.3"
"","Dejounte Murray","Nor","G","28.2","1","30","27.1","6.1","7","0.857","12","0.333","3","0","0.267","0.387","14","8","10","1","0","1","22","24","32","13.8","106.6","117.4"
"","Jonathan Kuminga","Gol","F","22.1","13","23.4","25.7","12.1","56","0.607","101","0.525","44","0.318","0.51","0.536","14","4.2","1.8","1","0.4","1.5","18.2","15.8","20","8.1","107.1","105"
"","Josh Hart","Nyk","G","29.7","14","37.1","14.2","17.7","33","0.879","74","0.757","51","0.333","0.652","0.688","13.7","8.9","5.9","0.9","0.2","1.9","22.6","19.6","28.4","9.7","134.4","111.6"
"","Klay Thompson","Dal","G","34.8","14","29","20.3","7.4","11","1","56","0.482","118","0.356","0.517","0.534","13.6","3.4","1.8","0.6","0.3","1","17","15.4","18.8","6","107.9","114.9"
"","Tobias Harris","Det","F","32.3","16","33.4","18.5","10","29","0.793","131","0.519","66","0.288","0.49","0.515","13.5","7.5","2.6","0.7","1.1","1.4","21","16.1","23.6","7.7","105.5","106.3"
"","Kelly Oubre Jr.","Phi","F-G","28.9","13","30.7","21.5","10","34","0.765","102","0.49","60","0.267","0.457","0.492","13.4","4.7","1.2","0.8","0.3","1.4","18.1","14.5","19.2","5.5","98.2","107"
"","Bobby Portis","Mil","F","29.8","13","24.1","25.8","9.1","18","0.722","120","0.533","40","0.275","0.503","0.518","13.4","7.8","0.9","0.4","0.5","1.2","21.2","14.3","22.1","7.5","103.1","107.8"
"","Deandre Ayton","Por","C","26.3","11","29.3","19.1","10.9","8","0.625","118","0.534","13","0.385","0.538","0.543","13.3","10.5","1","0.9","0.5","1.5","23.8","14.3","24.8","7.1","108","107.9"
"","Ochai Agbaji","Tor","G","24.6","15","32.4","14.4","10.5","20","0.7","81","0.58","64","0.453","0.624","0.634","13","4.9","2.2","1.3","0.7","1.1","17.9","15.2","20.1","6.4","122.8","113.5"
"","Terry Rozier","Mia","G","30.7","12","31.8","20","13.4","26","0.885","70","0.429","72","0.333","0.465","0.505","12.9","4.2","3.7","0.8","0.4","1.8","17.1","16.6","20.8","7.4","102.9","112.3"
"","Jrue Holiday","Bos","G","34.4","13","30.8","17.1","14.2","23","0.87","60","0.617","66","0.364","0.579","0.61","12.8","3.9","4","0.5","0.2","1.6","16.7","16.8","20.7","7.6","121.9","112.1"
"","Keegan Murray","Sac","F","24.2","15","36.7","15.6","8","21","0.857","85","0.565","87","0.299","0.506","0.53","12.8","8","1.7","0.5","0.6","1","20.8","14.5","22.5","6.1","112.3","107.4"
"","Rui Hachimura","Lal","F","26.8","10","33.9","15.8","6.1","23","0.826","71","0.38","36","0.5","0.505","0.542","12.7","6.1","1.6","0.7","0.5","0.7","18.8","14.3","20.4","5.9","117.4","114.5"
"","Jonas Valanciunas","Was","C","32.5","13","20.2","24","16","34","0.941","110","0.573","5","0.4","0.574","0.631","12.6","7.8","2.3","0.4","0.8","1.7","20.4","14.9","22.7","12.1","121.2","114.9"
"","Malik Monk","Sac","G","26.8","10","25","21.6","7.1","26","0.846","61","0.557","43","0.279","0.5","0.546","12.6","3","2.8","0.9","0.4","0.8","15.6","15.4","18.4","7.6","113.3","109.1"
"","Daniel Gafford","Dal","F-C","26.1","14","20.5","20.3","10.1","41","0.659","106","0.708","0","0","0.708","0.713","12.6","6.5","1.1","0.4","1.3","0.9","19.1","13.7","20.2","8.7","140.5","99.7"
"","Robert Williams III","Por","C-F","27.1","4","19.6","17.7","19.1","7","1","23","0.87","2","0.5","0.86","0.89","12.5","6.3","1.8","1.5","1.5","1.5","18.8","14.3","20.5","10.6","147.3","112.4"
"","Moritz Wagner","Orl","F-C","27.6","15","18.3","26.8","19.3","56","0.804","77","0.662","40","0.325","0.603","0.657","12.4","4.5","0.9","0.7","0.2","1.9","16.9","13.3","17.8","8.1","111.7","95.4"
"","Brandon Boston Jr.","Nor","G","23","11","29.1","18.6","13","22","0.909","71","0.493","42","0.357","0.509","0.55","12.3","4.5","4","1.4","0.3","1.5","16.8","16.3","20.8","8.3","115.1","114.5"
"","Luguentz Dort","Okc","G","25.6","14","28.5","15.2","7.7","27","0.815","42","0.524","78","0.449","0.621","0.648","12.2","3.9","1.6","1.2","0.7","0.7","16.1","13.9","17.8","5.9","127.4","100.7"
"","Josh Giddey","Chi","G","22.1","15","27.4","21.7","18.7","43","0.674","106","0.443","55","0.364","0.478","0.509","12.2","6.3","6.6","0.7","0.2","2.5","18.5","18.8","25.1","11.6","107.5","114"
"","D'Angelo Russell","Lal","G","28.7","13","28","20","13.2","23","0.913","65","0.492","73","0.329","0.493","0.53","12.1","2.1","4.8","1","0.1","1.6","14.2","16.8","18.9","7.1","109.6","114.3"
"","Dillon Brooks","Hou","G-F","28.8","15","30.9","16","6.3","20","0.85","86","0.43","76","0.395","0.506","0.53","12.1","3.5","1.2","0.7","0.1","0.7","15.5","13.3","16.7","4.8","113.2","102.1"
"","Zaccharie Risacher","Atl","F","19.6","15","26.4","21.5","10.7","50","0.68","94","0.489","72","0.25","0.44","0.479","12","3.8","1.4","1","0.8","1.3","15.8","13.4","17.2","6.1","98.4","112.7"
"","Keldon Johnson","San","F-G","25.1","14","26.5","19.8","7.1","35","0.771","92","0.543","51","0.255","0.486","0.524","11.9","5.6","1.5","1","0.3","0.8","17.4","13.4","18.9","7","109.9","107.7"
"","Santi Aldama","Mem","F-C","23.9","14","28.3","17.6","10.8","15","0.933","82","0.634","66","0.242","0.514","0.537","11.9","6.9","3.4","0.9","0.6","1.3","18.7","15.3","22.1","9.2","113.3","107.4"
"","Caris LeVert","Cle","G","30.2","13","24.4","17.8","11.9","28","0.75","55","0.6","48","0.458","0.641","0.663","11.8","2.9","4.5","1","0.5","1.1","14.7","16.2","19.2","8.8","134.7","109.7"
"","Jaylen Wells","Mem","F","21.2","14","26","18.3","9.1","28","0.75","74","0.486","65","0.369","0.518","0.545","11.8","3.1","1.6","0.3","0.3","1","14.9","13.4","16.5","6","109.9","109.1"
"","Brook Lopez","Mil","C","36.6","14","32.3","16.1","11.6","25","0.72","59","0.576","78","0.333","0.533","0.554","11.7","5.3","1.5","1.4","2.4","1.3","17","13.2","18.5","5.6","107.4","108.3"
"","Tim Hardaway Jr.","Det","G-F","32.7","13","28.6","15","6.7","27","0.889","33","0.485","78","0.41","0.577","0.618","11.7","1.6","2.1","0.4","0","0.6","13.3","13.8","15.4","4.8","126.2","113.4"
"","Tari Eason","Hou","F","23.5","15","23","19.2","9.8","22","0.682","94","0.617","44","0.341","0.583","0.596","11.7","6.2","1.1","1.9","1.2","1","17.9","12.9","19.1","7.5","119.9","94.1"
"","Corey Kispert","Was","F","25.7","13","29.7","16.3","8.4","19","0.842","49","0.51","82","0.341","0.511","0.538","11.5","3.2","1.6","0.7","0.1","0.9","14.8","13.2","16.4","5.2","105.5","122.7"
"","Scotty Pippen Jr.","Mem","G","24","14","25.7","19.4","20.2","34","0.824","83","0.494","43","0.395","0.528","0.571","11.5","3.9","5.9","1.3","0.4","2.3","15.4","17.4","21.2","10","113.2","99.9"
"","Scoot Henderson","Por","G","20.8","14","25.9","23.4","23","36","0.806","105","0.457","42","0.286","0.449","0.494","11.5","2.9","5","1.1","0.1","3.1","14.4","16.5","19.4","8.5","96","109.6"
"","Amen Thompson","Hou","G-F","21.8","15","25.3","17","17.4","60","0.717","94","0.606","15","0.267","0.578","0.624","11.3","6.7","2.3","1","0.7","1.5","18","13.5","20.3","8.8","121.4","98.7"
"","Kevin Huerter","Sac","G-F","26.2","13","28.7","17.4","9.7","9","0.556","46","0.674","84","0.31","0.538","0.541","11.2","4","2.5","1.4","0.5","1.1","15.2","13.7","17.7","6.7","107.6","105.3"
"","Jabari Smith Jr.","Hou","F","21.5","15","28.1","16.2","6.6","35","0.857","74","0.527","68","0.294","0.486","0.534","11.2","6.7","0.8","0.4","0.5","0.7","17.9","12","18.7","5.6","116.9","102.4"
"","Clint Capela","Atl","C","30.5","15","22.5","17.6","11.6","36","0.611","114","0.632","0","0","0.632","0.639","11.1","8.2","1.2","0.5","0.6","1","19.3","12.3","20.5","8.5","126.5","109.3"
"","Tyus Jones","Pho","G","28.5","15","32.5","14.9","9.4","10","0.8","64","0.531","81","0.37","0.545","0.556","11.1","2.9","6.7","0.9","0.1","1","13.9","17.7","20.6","7.4","125.6","117.4"
"","Onyeka Okongwu","Atl","F-C","23.9","13","23.7","16.9","10.6","33","0.848","78","0.667","23","0.174","0.574","0.623","11.1","6.5","1.7","0.8","0.7","0.9","17.5","12.8","19.2","8.4","126.6","109.4"
"","Ayo Dosunmu","Chi","G","24.8","15","28.2","17.3","11","29","0.862","83","0.566","63","0.254","0.486","0.526","11.1","4.1","4.1","0.3","0.5","1.2","15.3","15.2","19.3","8.1","111.3","113.8"
"","Zach Edey","Mem","C","22.5","14","20.1","20.4","17.9","33","0.667","95","0.611","10","0.6","0.638","0.653","11.1","6.9","0.8","0.9","1","1.6","18.1","11.9","18.9","7.8","118.5","94.3"
"","Caleb Martin","Phi","F","29.1","13","33.6","16.3","19.1","47","0.681","74","0.486","40","0.325","0.487","0.531","11","5.6","2.5","1.2","0.3","2.1","16.6","13.5","19.1","6.4","102.5","111.2"
"","Nick Richards","Cha","C","27","5","27.4","15.2","17.4","22","0.591","32","0.656","1","0","0.636","0.644","11","10","1.8","0.4","2.4","1.4","21","12.8","22.8","8.5","127.9","107"
"","Rudy Gobert","Min","C","32.4","14","32.9","12.9","21.3","45","0.8","92","0.63","0","0","0.63","0.68","10.9","10.4","1.9","0.4","1.6","1.8","21.3","12.8","23.2","7.3","128.8","105.3"
"","Dorian Finney-Smith","Bro","F","31.5","12","29.2","15.9","11.8","16","0.625","36","0.556","68","0.397","0.582","0.59","10.9","4.8","1.8","1","0.7","1.2","15.8","12.7","17.5","6.2","116.9","108.7"
"","Julian Champagnie","San","F","23.4","14","28.2","15.9","10.8","13","0.846","35","0.6","89","0.371","0.569","0.586","10.9","5.3","1.6","0.6","0.5","1.1","16.1","12.4","17.7","6.4","112.4","110.9"
"","Russell Westbrook","Den","G","36","12","24.2","24.2","20.2","51","0.686","75","0.36","39","0.333","0.408","0.469","10.7","3.9","5.3","1.3","0.6","2.4","14.6","16","19.9","10","100.3","105.2"
"","Chris Boucher","Tor","F","31.9","15","18.6","21","7.7","30","0.733","64","0.656","55","0.327","0.58","0.605","10.7","4.7","0.7","0.4","0.9","0.7","15.4","11.4","16.1","7","120.8","116"
"","Ty Jerome","Cle","G-F","27.4","15","17.5","21.3","13.6","25","0.84","64","0.625","37","0.541","0.693","0.719","10.7","2.1","3.7","1.2","0","1.1","12.8","14.5","16.5","10","139.3","107.3"
"","Miles McBride","Nyk","G","24.2","11","26.4","17.8","10.7","10","0.8","42","0.524","58","0.379","0.55","0.565","10.7","2.3","2.5","1.1","0.3","1.1","13","13.3","15.5","6","112.1","113.3"
"","Jose Alvarado","Nor","G","26.6","11","25.6","18.5","12.1","17","0.824","41","0.39","60","0.4","0.515","0.544","10.7","2.2","4.5","1.5","0.3","1.3","12.9","15.2","17.4","7.4","117.4","111.9"
"","Josh Okogie","Pho","G","26.2","7","18.9","21.4","12.4","18","0.667","33","0.576","16","0.5","0.633","0.65","10.6","4.4","0.6","1.3","0.1","1","15","11.1","15.6","6.4","121.4","107.9"
"","Grayson Allen","Pho","G","29.1","11","21.9","21.3","13.2","23","0.739","20","0.45","72","0.375","0.538","0.568","10.5","2.5","1","0.6","0.4","1.3","13.1","11.5","14.1","5.4","104","113.1"
"","Chris Paul","San","G","39.5","14","28.3","16","20.2","17","1","39","0.615","71","0.38","0.586","0.621","10.4","3.7","8.4","1.4","0.1","2","14.1","18.8","22.5","9.7","128.1","108.7"
"","Dalano Banton","Por","F","25","12","14","30","15.6","33","0.697","60","0.5","32","0.438","0.554","0.587","10.4","1.8","2.4","1.1","0.6","1.4","12.3","12.8","14.7","10.2","113.4","110.7"
"","Carlton Carrington","Was","G","19.3","13","30.3","15.2","17.6","20","0.8","58","0.483","54","0.389","0.531","0.559","10.4","4.4","5","1.2","0.3","1.8","14.8","15.4","19.8","8.1","109.3","114.6"
"","P.J. Washington","Dal","F","26.2","9","30.6","15.2","10","18","0.722","45","0.556","36","0.278","0.494","0.523","10.3","8.3","1.6","1.4","1.1","1","18.7","11.9","20.2","6.7","111.3","107"
"","De'Anthony Melton","Gol","G","26.5","6","20.2","23","15.6","8","0.5","19","0.474","35","0.371","0.528","0.53","10.2","3.3","2.8","1.2","0.3","1.7","13.5","13","16.3","9","105.5","96.5"
"","Duncan Robinson","Mia","F","30.6","12","20.3","22.2","7.4","7","0.857","30","0.433","82","0.366","0.518","0.53","10.2","2.2","1.8","0.6","0.3","0.8","12.3","12","14.2","6.8","107.2","108.1"
"","Obi Toppin","Ind","F","26.7","13","21.2","17.5","10.5","15","0.867","51","0.745","42","0.333","0.634","0.658","10.1","3","1.8","0.6","0.4","0.8","13.1","11.8","14.8","7.2","125.3","117.3"
"","Jaden McDaniels","Min","F","24.1","14","29.7","15.4","12.2","20","0.6","71","0.577","51","0.314","0.533","0.543","10.1","3.5","1.7","1.4","1","1.2","13.6","11.9","15.4","5.3","107.9","103.9"
"","Derrick Jones Jr.","Lac","F","27.8","15","25.8","16","13.1","16","0.813","67","0.507","52","0.442","0.576","0.595","10","3.5","0.9","1.2","0.3","1.2","13.5","10.9","14.4","4.9","112","106.2"
"","Grant Williams","Cha","F","26","13","28.8","14.8","18.1","25","0.8","34","0.559","65","0.369","0.556","0.591","10","5","2.3","1.2","0.6","1.7","15","12.3","17.3","6.8","112.6","106.6"
"","Garrison Mathews","Atl","G","28.1","14","21.7","14.5","7.3","26","0.885","14","0.429","75","0.467","0.657","0.697","10","1.2","1.8","0.9","0.2","0.5","11.2","11.8","13","5.1","137.1","113.8"
"","Patrick Williams","Chi","F","23.2","15","28.9","16.5","17.9","25","0.84","62","0.355","71","0.394","0.481","0.517","9.9","5","2.3","1","0.5","1.9","14.9","12.3","17.3","6.7","97.7","115.6"
"","Stephon Castle","San","G","20","14","24.6","19.9","12.7","38","0.684","76","0.461","47","0.298","0.455","0.494","9.9","2.6","3.1","0.9","0.4","1.3","12.4","13","15.6","7","105","111.1"
"","Aaron Wiggins","Okc","G","25.9","14","21.8","18.3","7.9","11","0.818","66","0.47","50","0.44","0.552","0.567","9.8","3.9","2.1","0.9","0.4","0.7","13.7","11.9","15.8","7.9","117.5","103.5"
"","Julian Strawther","Den","G","22.6","12","21.5","18.9","12.3","22","0.773","45","0.511","47","0.383","0.543","0.575","9.8","2.3","1.5","0.9","0.4","1.1","12","11.3","13.5","6","110","105.6"
"","Alexandre Sarr","Was","C","19.6","13","25.6","20.3","10.6","30","0.7","75","0.467","59","0.203","0.396","0.431","9.8","5.5","2.3","0.8","2.1","1.2","15.3","12.1","17.6","7.8","95.2","113.9"
"","Deni Avdija","Por","F","23.9","14","24.9","19.2","19","50","0.82","68","0.426","47","0.255","0.409","0.493","9.6","5.7","3.1","1.1","0.8","1.9","15.4","12.7","18.4","8.9","101.9","109.8"
"","Ziaire Williams","Bro","F","23.2","14","21.8","20","10.4","27","0.815","64","0.547","48","0.292","0.5","0.541","9.6","4.7","1","0.9","0.4","0.9","14.3","10.6","15.3","6.5","107.6","103.8"
"","Amir Coffey","Lac","G-F","27.4","15","23.6","14.6","8.4","32","0.844","49","0.51","49","0.449","0.592","0.638","9.5","2.5","1.1","0.6","0.1","0.6","12","10.7","13.1","5","127.3","109.6"
"","Al Horford","Bos","C-F","38.5","12","27","13","13.6","4","1","22","0.636","60","0.45","0.665","0.675","9.4","5.4","2.3","1","0.7","1.1","14.8","11.8","17.2","7.2","128.6","108.5"
"","Donte DiVincenzo","Min","G","27.8","14","25.7","18.8","14.7","14","0.786","28","0.429","99","0.323","0.472","0.492","9.4","3.2","3.3","1.3","0.3","1.6","12.6","12.6","15.9","7.2","101","108.3"
"","Jay Huff","Mem","C","27.2","14","14.5","19.4","7.7","17","0.882","31","0.774","52","0.442","0.705","0.729","9.4","2.6","0.8","0.3","1.7","0.5","12","10.2","12.8","7.4","136.9","105.8"
"","Dalton Knecht","Lal","F","23.6","13","20.2","16.8","6","8","1","36","0.611","57","0.404","0.608","0.627","9.3","2.3","1.2","0.5","0","0.5","11.6","10.5","12.8","5.8","124.1","115.5"
"","Harrison Barnes","San","F","32.5","14","28.3","12.8","11.6","30","0.833","49","0.571","42","0.381","0.571","0.619","9.2","3.9","1.5","0.3","0.2","0.9","13.1","10.7","14.6","5.3","124.3","116.9"
"","T.J. McConnell","Ind","G","32.7","13","18.2","24","16.5","7","0.714","101","0.554","5","0.2","0.542","0.55","9.2","2.5","4.2","1.2","0.2","1.6","11.7","13.5","15.9","10.1","108.6","115.7"
"","Aaron Nesmith","Ind","G-F","25.1","6","22.7","15","12.1","13","0.846","25","0.52","11","0.545","0.611","0.659","9.2","4","1","0.7","0.3","0.8","13.2","10.2","14.2","5.9","123.3","102.2"
"","Moses Moody","Gol","G","22.5","13","16.2","21.5","15","21","0.714","34","0.529","51","0.451","0.618","0.637","9.2","2.2","1","0.3","0.2","1.2","11.4","10.2","12.4","6.7","113.9","106.9"
"","Walker Kessler","Uta","C","23.3","9","26.4","13.4","22.6","23","0.565","51","0.686","0","0","0.686","0.679","9.2","10.7","1","0.4","2.8","1.7","19.9","10.2","20.9","7","121.2","110.4"
"","Draymond Green","Gol","F","34.7","13","28.2","14.1","24.5","33","0.697","38","0.421","45","0.467","0.572","0.605","9.1","5.8","5.5","1.1","1.1","2.1","14.8","14.5","20.3","9.4","119","98.5"
"","Royce O'Neale","Pho","F","31.5","15","24.8","16.7","9.7","15","0.8","49","0.408","72","0.389","0.512","0.533","9.1","6.2","2.3","0.8","0.9","0.9","15.3","11.3","17.5","8.2","113.1","106.1"
"","Cody Martin","Cha","F","29.1","13","24.4","15","12.3","20","0.7","46","0.543","46","0.391","0.565","0.585","9.1","4.3","2","0.9","0.5","1","13.4","11.1","15.4","7","119.2","110.9"
"","Jalen Duren","Det","C","21","14","25","13.7","24.9","37","0.514","72","0.75","0","0","0.75","0.719","9.1","10.5","2.7","0.3","1.1","1.7","19.6","11.8","22.3","10.2","130.5","98.1"
"","Peyton Watson","Den","G","22.2","12","24.2","16","6.2","29","0.759","60","0.45","30","0.367","0.483","0.53","9.1","3.4","1","0.9","0.9","0.5","12.5","10.1","13.5","5.2","113.4","110.1"
"","Isaiah Joe","Okc","G","25.4","14","22.2","15.9","3.6","8","0.75","20","0.6","88","0.364","0.556","0.565","9","3.1","1.7","0.7","0.3","0.3","12.1","10.7","13.9","6.5","119.3","101.9"
"","Jaylen Nowell","Nor","G","25.4","7","21","21.4","7.2","11","0.636","40","0.4","24","0.333","0.438","0.458","9","2.9","2","0.1","0.3","0.7","11.9","11","13.9","7.1","102.8","121.3"
"","Taurean Prince","Mil","F","30.7","14","29.9","11.9","15.1","3","1","40","0.425","55","0.527","0.637","0.644","8.9","5.1","2.1","1","0.1","1.2","14","11","16.1","6.1","118","108.9"
"","Jaime Jaquez Jr.","Mia","G","23.8","9","23","20.4","17.9","19","0.579","55","0.436","18","0.389","0.473","0.492","8.9","6","2.8","1.1","0.1","1.8","14.9","11.7","17.7","9.2","101","104.9"
"","Nickeil Alexander-Walker","Min","G","26.2","14","23.6","14.8","19.8","14","0.714","37","0.595","48","0.479","0.665","0.675","8.8","2.6","2.6","1","0.4","1.5","11.4","11.4","14","6.6","120.4","112.2"
"","Jake LaRavia","Mem","F","23","14","24.7","14.3","19.6","36","0.639","52","0.558","34","0.412","0.581","0.604","8.8","4.9","3.7","1","0.6","1.5","13.7","12.5","17.4","8.8","120.3","103.1"
"","Guerschon Yabusele","Phi","F","28.9","13","21.3","17.8","15.3","18","0.611","39","0.615","49","0.367","0.58","0.589","8.7","4.8","1.8","0.8","0.4","1.2","13.5","10.5","15.3","7.9","112.7","102.7"
"","Toumani Camara","Por","F","24.5","14","31.3","12.6","19.5","17","0.706","57","0.439","46","0.435","0.534","0.552","8.7","5","2.2","1.9","0.3","1.8","13.7","10.9","15.9","5.8","107","109"
"","Nic Claxton","Bro","C","25.6","11","24.8","14.1","14.8","28","0.464","63","0.651","0","0","0.651","0.631","8.6","7.7","2.5","0.5","1.2","1","16.4","11.2","18.9","8.9","128","107.7"
"","Naji Marshall","Dal","F","26.8","14","23.8","15.9","14.7","19","1","70","0.643","28","0.143","0.52","0.569","8.6","3.6","2.9","1.1","0.1","1.2","12.3","11.5","15.1","7.5","116.9","111.5"
"","Jalen Wilson","Bro","F","24","14","21.7","17.2","12.5","29","0.862","44","0.614","47","0.298","0.527","0.583","8.6","3.4","1.9","0.3","0","0.9","12.1","10.6","14","7","118.4","112.2"
"","Malaki Branham","San","F","21.5","12","14.6","24.3","16.6","18","0.833","45","0.511","30","0.467","0.587","0.621","8.6","1.8","1.2","0.4","0.2","1.3","10.3","9.8","11.5","7.3","107.7","113.8"
"","Dereck Lively II","Dal","C","20.8","10","22.6","14.5","18.4","26","0.538","53","0.679","0","0","0.679","0.667","8.6","6.8","2.2","0.6","1.6","1.2","15.4","10.8","17.6","8.9","130.2","99"
"","Kyshawn George","Was","F","20.9","13","27.8","15.1","8.9","20","0.7","38","0.5","74","0.27","0.438","0.464","8.6","4.2","3","0.8","0.9","0.8","12.8","11.6","15.8","6.9","101.6","113.8"
"","Jusuf Nurkic","Pho","C","30.2","13","23.7","21","27.7","47","0.66","53","0.472","38","0.263","0.44","0.497","8.5","9.8","1.1","0.8","0.5","2.7","18.4","9.6","19.5","7.6","88.3","98.9"
"","Anthony Black","Orl","G","20.8","15","24.8","17.7","22.7","37","0.757","69","0.478","36","0.306","0.471","0.524","8.5","3","4.3","1","0.9","2.1","11.5","12.7","15.7","7.7","103","100.1"
"","Davion Mitchell","Tor","G","26.2","15","29.2","14.5","21.7","18","0.722","64","0.531","51","0.294","0.491","0.513","8.4","2.8","5.9","1","0.3","2.1","11.2","14.3","17.1","7.1","105.7","113.8"
"","Andre Drummond","Phi","C","31.3","12","22.4","19.1","21.7","36","0.528","74","0.527","5","0.2","0.513","0.527","8.3","9.2","0.5","1.3","0.5","1.8","17.5","8.8","18","6","99.5","97.6"
"","Wendell Carter Jr.","Orl","C-F","25.6","6","26.4","13.4","7.3","18","0.778","22","0.682","16","0.125","0.474","0.544","8.3","8.8","2.2","1.3","0.3","0.5","17.2","10.5","19.3","8.2","124.2","95.3"
"","Nikola Jovic","Mia","F","21.4","13","19.2","18","8.5","20","0.8","43","0.581","43","0.326","0.535","0.57","8.3","3.9","1.3","1","0.1","0.6","12.2","9.6","13.5","7.2","115.6","105.7"
"","Kevin Porter Jr.","Lac","G-F","24.5","15","17","28","21.8","24","0.583","88","0.477","34","0.235","0.443","0.46","8.1","3","2.7","0.6","0.3","2.3","11.1","10.8","13.8","9.5","87","107.1"
"","Sam Hauser","Bos","F","26.9","11","21.3","16.4","4.5","1","1","13","0.692","71","0.324","0.518","0.521","8","3.5","1.2","0.5","0.4","0.4","11.5","9.2","12.7","6.1","112.4","110.5"
"","Trayce Jackson-Davis","Gol","F","24.7","13","16.9","16.5","14.1","22","0.545","67","0.687","0","0","0.687","0.678","8","4.7","2.2","0.4","0.5","0.8","12.7","10.2","14.9","10.3","132.6","103.2"
"","Larry Nance Jr.","Atl","F-C","31.9","9","15.6","14","8.5","2","0.5","21","0.667","22","0.636","0.814","0.809","7.9","2.4","1.2","0.8","0.3","0.4","10.3","9.1","11.6","7.3","148.2","113.5"
"","Kris Dunn","Lac","G","30.7","15","22.2","13.9","13.4","8","0.375","41","0.707","49","0.388","0.639","0.631","7.9","3.7","3","1.1","0.2","0.9","11.5","10.9","14.5","8","124.9","100.5"
"","Goga Bitadze","Orl","C-F","25.3","11","20.7","14.4","21.3","13","0.692","50","0.78","5","0","0.709","0.716","7.9","6.8","1.6","0.5","1.4","1.4","14.7","9.5","16.4","8.5","128.7","96.5"
"","Kyle Filipowski","Uta","C","21","12","18.6","16.7","14.1","25","0.48","40","0.7","27","0.333","0.619","0.609","7.9","4.3","1.9","0.5","0.2","0.9","12.3","9.8","14.2","8.6","118.5","113.7"
"","Cameron Payne","Nyk","G","30.3","10","16.2","20.6","8.1","2","0","29","0.414","39","0.462","0.574","0.566","7.8","1.8","3.4","0.7","0.2","0.6","9.6","11.2","13","9","124.1","104.6"
"","Georges Niang","Cle","F","31.4","15","19.2","16.9","12.7","3","0.667","32","0.719","64","0.359","0.599","0.601","7.8","3.4","1","0.5","0.3","0.9","11.2","8.8","12.2","6.2","109.1","102.8"
"","Haywood Highsmith","Mia","F","27.9","11","24.9","11.2","10.6","11","0.636","30","0.667","29","0.448","0.669","0.674","7.8","2.9","0.8","1.4","0.5","0.6","10.7","8.6","11.5","4.2","125.3","108.7"
"","Brandin Podziemski","Gol","G","21.7","12","24.9","17","13.8","15","0.6","53","0.547","47","0.191","0.425","0.441","7.8","4.8","3.4","0.9","0.3","1.3","12.7","11.3","16.1","8.1","100.7","102.1"
"","Gary Trent Jr.","Mil","G","25.8","12","24.8","14.8","7.4","14","0.929","30","0.4","57","0.316","0.448","0.488","7.6","1.4","0.9","1","0","0.6","9","8.5","9.9","3.4","96.8","109"
"","Jalen Smith","Chi","F-C","24.7","13","14.4","21.2","10.3","20","0.75","35","0.514","43","0.372","0.538","0.57","7.6","5.1","0.7","0.5","0.5","0.7","12.7","8.3","13.4","8.3","113.5","104"
"","Mike Conley","Min","G","37.1","13","25","15.7","13.7","19","0.842","29","0.276","65","0.338","0.436","0.479","7.5","3.2","4.8","1.7","0.2","1.2","10.7","12.3","15.5","7.8","112.5","108"
"","Marcus Smart","Mem","G","30.7","7","20.2","20.6","21.7","19","0.842","22","0.409","28","0.214","0.36","0.446","7.4","2.6","3.7","1","0.9","2","10","11.1","13.7","8.2","96.1","102.9"
"","Kentavious Caldwell-Pope","Orl","G","31.8","15","30","11.9","9.6","21","1","37","0.541","66","0.242","0.427","0.486","7.3","2.3","2","1.3","0.5","0.7","9.6","9.3","11.6","4.3","103.5","103"
"","Andrew Nembhard","Ind","G-F","24.8","7","26.7","15.6","16","10","0.8","39","0.436","13","0.231","0.413","0.452","7.3","2","4.7","0.9","0","1.4","9.3","12","14","6.1","99.6","115.7"
"","Keon Ellis","Sac","G","24.9","14","21.6","13.1","17","19","0.842","21","0.619","47","0.426","0.632","0.668","7.3","2.2","0.8","1.2","0.9","1","9.5","8.1","10.3","4.3","119.8","106.8"
"","Noah Clowney","Bro","F-C","20.3","12","16.2","21.2","10.5","17","0.706","28","0.429","48","0.354","0.493","0.521","7.3","3.2","0.8","0.3","0.5","0.8","10.4","8.1","11.3","6.6","105.1","104.2"
"","A.J. Green","Mil","G","25.1","13","17.9","13.6","8.4","2","1","3","0.667","62","0.468","0.7","0.706","7.2","1.8","0.9","0.5","0","0.5","8.9","8.1","9.8","5.1","128.8","112.8"
"","Bogdan Bogdanovic","Atl","G","32.3","2","23.1","14.1","13","2","1","1","0","12","0.333","0.462","0.504","7","2.5","2.5","0","1","1","9.5","9.5","12","6.1","103.8","114.5"
"","Isaiah Jackson","Ind","F","22.9","5","16.8","17.8","17.7","14","0.5","23","0.609","0","0","0.609","0.6","7","5.6","1","0.6","1.6","1","12.6","8","13.6","8.1","118.7","100.8"
"","Luke Kennard","Mem","G","28.4","6","20.3","13.7","15.3","5","0.6","9","0.333","24","0.458","0.591","0.597","7","2.7","4","0.3","0.2","1","9.7","11","13.7","8.3","123.4","107.9"
"","Kevin Love","Mia","F-C","36.2","5","12.4","23.4","6","1","1","13","0.385","18","0.444","0.548","0.557","7","5.6","1","1.6","0","0.4","12.6","8","13.6","11","114.4","99.9"
"","Yves Missi","Nor","C","20.5","14","23.5","13","18.1","29","0.655","72","0.542","0","0","0.542","0.572","6.9","6.7","1.6","0.6","1.1","1.1","13.6","8.5","15.2","7.1","117.1","114.3"
"","Ryan Dunn","Pho","F","21.9","14","18.6","17.1","8.2","6","0.167","31","0.613","59","0.322","0.528","0.518","6.9","2.6","0.6","0.5","0.5","0.6","9.5","7.4","10.1","4.7","100.1","105.5"
"","Sam Merrill","Cle","G","28.5","12","19.7","14","8.2","6","1","7","0.714","60","0.367","0.567","0.589","6.8","1.7","1.6","0.7","0.1","0.5","8.5","8.4","10.1","5.4","117.7","105.7"
"","Herbert Jones","Nor","F","26.1","4","28.3","11.6","16.5","2","0.5","14","0.714","11","0.182","0.52","0.522","6.8","2.5","1","1.8","0.3","1.3","9.3","7.8","10.3","3.6","97.7","113.6"
"","Jonathan Isaac","Orl","F","27.1","12","16.1","16.3","7.7","18","0.611","30","0.7","30","0.3","0.575","0.589","6.7","4.7","0.3","0.8","1.1","0.4","11.3","7","11.7","5.3","122","97.5"
"","Zach Collins","San","F-C","27","14","14.9","18.4","17.6","22","0.955","40","0.525","25","0.4","0.554","0.623","6.6","3.5","2.1","0.6","0.5","1","10.1","8.7","12.2","9.8","124.2","97.8"
"","Jeremiah Robinson-Earl","Nor","F","24","14","19.4","14.2","13","15","1","43","0.512","30","0.367","0.527","0.578","6.6","4.3","0.9","0.5","0.1","0.8","10.9","7.5","11.8","6.1","120.1","115.5"
"","David Roddy","Atl","F","23.6","11","17.7","13.4","22.3","13","0.846","23","0.696","22","0.455","0.689","0.72","6.6","3.5","1.7","0.5","0.2","1.2","10.2","8.4","11.9","7.7","120.2","113.9"
"","Tristan da Silva","Orl","F","23.5","11","24.5","13.4","6.3","10","0.8","36","0.444","38","0.289","0.439","0.466","6.6","3.9","2.1","0.3","0.3","0.5","10.5","8.7","12.6","6.2","106.5","103.9"
"","Neemias Queta","Bos","C","25.4","13","19","12.5","12.1","12","0.75","56","0.679","2","0","0.655","0.672","6.5","5.5","0.6","0.2","0.8","0.6","12","7.2","12.6","5.8","135.7","104.2"
"","Josh Green","Cha","G","24","11","24.1","10.1","11.6","9","0.667","24","0.417","29","0.517","0.613","0.623","6.5","2.1","1.5","0.7","0.4","0.6","8.5","8","10.1","4.5","125.3","108.4"
"","Isaiah Stewart","Det","F-C","23.5","16","22.1","11.7","19.5","22","0.864","60","0.617","10","0.3","0.593","0.64","6.4","6.9","1.9","0.5","1.3","1.1","13.3","8.3","15.2","7.9","127.4","98.5"
"","Cason Wallace","Okc","G","21","14","25.1","12.6","6.8","3","1","56","0.5","40","0.25","0.448","0.457","6.4","3.2","1.6","1.7","0.5","0.5","9.6","7.9","11.1","5.1","99.2","101.6"
"","Alec Burks","Mia","G","33.3","6","18.3","11.8","3.4","2","1","8","0.375","20","0.5","0.643","0.658","6.3","2.3","2","0.5","0.2","0.2","8.7","8.3","10.7","6.7","142.6","116.4"
"","Jaxson Hayes","Lal","C-F","24.5","10","17.5","11.9","14.9","19","0.789","34","0.706","0","0","0.706","0.744","6.3","4.6","0.9","0.3","0.9","0.6","10.9","7.2","11.8","6.8","146.5","103.3"
"","Simone Fontecchio","Det","F","28.9","14","19","14.7","12.1","21","0.81","22","0.455","50","0.34","0.493","0.542","6.3","3.3","0.9","0.2","0.1","0.7","9.6","7.1","10.4","5.6","108.4","109.2"
"","Kyle Lowry","Phi","G","38.7","13","24.2","11.5","14.8","19","0.789","15","0.467","48","0.354","0.516","0.561","6.2","2.2","3.4","1.2","0.4","0.8","8.4","9.5","11.8","5.9","119.2","110.5"
"","Trey Lyles","Sac","F","29","15","20.7","13.9","8.6","12","0.833","24","0.417","61","0.344","0.488","0.515","6.2","4.1","1","0.5","0.6","0.5","10.3","7.2","11.3","5.7","108.9","108.4"
"","Cam Whitmore","Hou","F","20.4","7","10.5","29","6.3","12","0.667","26","0.615","18","0.056","0.398","0.436","6.1","1.6","0.4","0.1","0.1","0.4","7.7","6.6","8.1","6","95.1","101.1"
"","James Wiseman","Ind","C","23.6","1","4.6","46.4","0","2","1","3","0.667","1","0","0.5","0.615","6","1","0","0","0","0","7","6","7","0","123.4","121.7"
"","Vince Williams Jr.","Mem","G","24.2","2","18.8","20.1","23.4","4","0.25","6","0.667","7","0.143","0.423","0.407","6","3","4.5","0","1","2","9","10.5","13.5","9.2","90.7","93.4"
"","Mo Bamba","Lac","C","26.5","2","11.3","21.5","9.7","3","0.667","7","0.714","2","0","0.556","0.581","6","5","0.5","1.5","0","0.5","11","6.5","11.5","8.7","118.6","84"
"","Terance Mann","Lac","G-F","28.1","15","21.5","13.3","8.6","15","0.733","53","0.472","32","0.281","0.453","0.48","5.9","3.9","1.9","0.6","0.3","0.5","9.8","7.7","11.7","6.6","110.6","103.7"
"","Isaac Okoro","Cle","F-G","23.8","15","20.2","10.7","5.8","13","0.615","29","0.552","36","0.444","0.615","0.622","5.9","2.1","1.5","0.8","0.3","0.3","7.9","7.4","9.5","5.2","133.6","105.9"
"","Kevon Looney","Gol","F","28.8","11","15.8","16.7","13.3","23","0.609","52","0.481","0","0","0.481","0.515","5.8","8.4","1.7","0.9","0.4","0.7","14.2","7.5","15.9","11","127.1","88.3"
"","Jarace Walker","Ind","F","21.2","14","16.1","17.9","23.8","10","0.6","33","0.455","34","0.441","0.56","0.567","5.8","3.5","1.5","1.3","0.4","1.5","9.3","7.3","10.8","7.8","95.9","108.5"
"","Ben Sheppard","Ind","G","23.3","13","20.9","11.4","7","0","0","19","0.474","47","0.404","0.568","0.568","5.8","2.2","1.3","0.4","0.3","0.4","8","7.1","9.3","4.9","114.4","111.1"
"","Eric Gordon","Phi","G","35.9","11","18.8","16.2","19","18","0.778","24","0.458","31","0.29","0.445","0.501","5.7","1","1.4","0.3","0.3","1.2","6.7","7.1","8.1","4.3","93.7","116.8"
"","Donovan Clingan","Por","C","20.7","14","16.2","14.2","18.2","18","0.833","53","0.585","5","0.2","0.56","0.607","5.7","5.6","0.2","0.4","2.1","0.9","11.4","5.9","11.6","4.6","116.9","98.9"
"","Ronald Holland II","Det","F","19.4","16","15.5","18","10.4","19","0.842","51","0.608","35","0.114","0.43","0.477","5.6","3.1","0.5","0.6","0.1","0.6","8.8","6.1","9.3","5.3","97.8","104.3"
"","Jamison Battle","Tor","F","23.5","14","13.9","14.7","6","8","0.75","16","0.5","46","0.413","0.589","0.603","5.6","2.2","0.9","0","0.1","0.3","7.9","6.5","8.7","6.4","126.3","114.3"
"","Kyle Anderson","Gol","F-G","31.2","12","16.6","15.8","5.7","14","0.714","37","0.432","29","0.276","0.424","0.457","5.5","3.6","2.7","1","0.8","0.3","9.1","8.2","11.8","9.1","116.9","103.7"
"","Brandon Clarke","Mem","F","28.2","13","15.5","14","6.1","11","0.727","49","0.612","12","0.083","0.516","0.539","5.5","3.5","0.5","0.9","0.1","0.3","9","6","9.5","5.5","114.5","101.4"
"","Dean Wade","Cle","F-C","28","13","22","10.7","6.1","12","0.417","10","0.6","51","0.353","0.541","0.536","5.5","4.2","1.5","1","0.4","0.3","9.6","7","11.2","5.9","117.6","105.3"
"","Javonte Green","Nor","G","31.3","14","23.5","10.2","7.1","20","0.85","37","0.405","28","0.357","0.462","0.522","5.5","3.4","0.9","1.2","0.5","0.4","8.9","6.4","9.7","4.4","116.3","116.3"
"","Lindy Waters III","Gol","F","27.3","11","14.7","12.2","2.1","2","1","15","0.6","31","0.419","0.62","0.629","5.4","2","1.4","0.5","0.2","0.1","7.4","6.7","8.7","6.7","139.8","106.9"
"","Mason Plumlee","Pho","F-C","34.7","14","18.6","13.1","21.8","30","0.533","50","0.58","0","0","0.58","0.585","5.3","6.3","1.9","0.4","0.4","1","11.6","7.2","13.5","8.6","119.2","102.4"
"","Ben Simmons","Bro","G-F","28.3","10","24.3","13.9","39","4","0.75","45","0.556","0","0","0.556","0.567","5.3","5.8","7","0.8","0.5","2.9","11.1","12.3","18.1","9.9","107.6","104"
"","Seth Curry","Cha","G","34.2","12","15.8","13.6","6.7","5","0.6","24","0.417","31","0.419","0.536","0.542","5.2","1.8","0.6","0.5","0.1","0.3","7","5.8","7.6","4.5","114.8","111.1"
"","Vit Krejci","Atl","G","24.4","5","15.5","14.3","20.6","7","0.571","9","0.556","10","0.4","0.579","0.589","5.2","1.4","1.4","0.8","0.4","1","6.6","6.6","8","5.6","106","105.7"
"","Johnny Juzang","Uta","G","23.7","9","14.8","14","12.4","10","1","10","0.5","25","0.36","0.529","0.596","5.2","1.2","0.8","0.6","0.2","0.6","6.4","6","7.2","4.6","117.6","111.7"
"","Jaden Hardy","Dal","G","22.4","13","14","19","20.7","8","1","28","0.571","33","0.273","0.484","0.519","5.2","1.4","1.2","0.5","0.1","1.2","6.5","6.4","7.8","5.9","94.4","107.8"
"","Ajay Mitchell","Okc","G","22.4","14","16","14.3","14","9","0.778","46","0.522","15","0.4","0.541","0.562","5.2","1.7","2","0.9","0.1","0.7","6.9","7.2","8.9","6.5","112.1","99.7"
"","Quentin Grimes","Dal","G","24.5","13","16.7","12.8","13.5","13","0.769","19","0.526","32","0.375","0.549","0.582","5.1","2.8","1.1","0.5","0.1","0.6","7.8","6.2","8.9","6","114.5","106.4"
"","Brice Sensabaugh","Uta","F","21.1","9","12.5","18.2","24.2","9","0.889","12","0.583","22","0.364","0.559","0.606","5.1","1.9","0.4","0.3","0","1.2","7","5.6","7.4","5","100.4","121.5"
"","Monte Morris","Pho","G","29.4","11","11.5","18.1","8.6","14","0.857","22","0.5","20","0.35","0.512","0.571","5","1.2","1.4","0.5","0.3","0.4","6.2","6.4","7.5","7.1","120.1","117.7"
"","Jordan Miller","Lac","G","24.8","4","7.5","29.6","19.5","13","0.846","7","0.429","5","0.2","0.375","0.564","5","1.3","0.5","0","0","0.8","6.3","5.5","6.8","7.9","112.9","115.3"
"","Kobe Bufkin","Atl","G","21.2","1","12.3","26.2","0","2","1","2","0","5","0.2","0.214","0.317","5","1","0","0","0","0","6","5","6","0","74.3","98.4"
"","Pat Connaughton","Mil","G","31.9","13","17.6","14.7","13.8","10","0.8","22","0.455","40","0.3","0.452","0.482","4.9","2.8","1.8","0.2","0.2","0.8","7.8","6.8","9.6","6.6","101.3","111.4"
"","Sandro Mamukelashvili","San","F-C","25.5","11","9.1","19.2","21.7","7","1","9","0.778","23","0.478","0.734","0.77","4.9","2.8","0.4","0.1","0.5","0.8","7.7","5.3","8.1","7.8","119.6","106.6"
"","Pelle Larsson","Mia","G","23.7","8","13.1","14.3","13.2","10","0.6","14","0.643","12","0.417","0.635","0.641","4.9","1","1.4","0.5","0","0.5","5.9","6.3","7.3","5.8","124.8","106.3"
"","Jamal Shead","Tor","G","22.3","15","15.7","19.1","23","12","0.75","54","0.463","26","0.192","0.406","0.434","4.9","0.9","3.3","0.3","0.1","1.6","5.8","8.3","9.1","6.2","90.1","112.7"
"","Talen Horton-Tucker","Chi","G","24","10","9.5","20.5","7.4","16","0.688","23","0.478","14","0.357","0.5","0.545","4.8","2.1","1.4","0","0.1","0.3","6.9","6.2","8.3","10.2","121.2","114.8"
"","Jared Butler","Was","G","24.2","10","8.2","22.8","8","19","0.684","29","0.552","5","0.2","0.515","0.567","4.8","0.7","2.4","0.6","0.2","0.3","5.5","7.2","7.9","9.8","128.3","116.5"
"","Keon Johnson","Bro","G","22.7","13","13","19.3","14.2","7","0.857","22","0.455","38","0.316","0.467","0.491","4.8","2.8","1","0.3","0.3","0.8","7.6","5.8","8.6","7.3","97.1","107.5"
"","Oso Ighodaro","Pho","F","22.4","10","16.2","11.5","18.3","10","0.8","31","0.645","0","0","0.645","0.678","4.8","4.1","0.7","0.4","0.4","0.7","8.9","5.5","9.6","5.9","125.7","104"
"","Lonzo Ball","Chi","G","27.1","3","15.7","14.9","17.6","0","0","2","0.5","12","0.333","0.5","0.5","4.7","2.7","3.7","0","0.3","1","7.3","8.3","11","9.2","107.4","113.1"
"","KJ Martin","Phi","F","23.9","10","15.8","9.5","3.4","12","0.75","24","0.667","4","0.5","0.679","0.706","4.7","2.3","0.5","0.3","0.6","0.1","7","5.2","7.5","4.4","145.2","103.9"
"","Keaton Wallace","Atl","G","25.7","12","16.2","14.5","17.8","4","1","29","0.483","26","0.308","0.473","0.493","4.7","1.5","1.8","0.8","0.5","1","6.2","6.5","8","5.8","95.9","114.7"
"","Quenton Jackson","Ind","G","26.2","6","12","16.3","15.1","2","1","15","0.667","7","0.286","0.591","0.612","4.7","1.3","1.5","0.5","0.3","0.7","6","6.2","7.5","7","117.5","110"
"","Taylor Hendricks","Uta","F","21","3","24.8","12.3","9.8","4","0.75","6","0.167","12","0.25","0.306","0.354","4.7","5","0.7","1.7","1.3","0.7","9.7","5.3","10.3","4.1","87.1","109.3"
"","Cam Reddish","Lal","F-G","25.2","7","21","7.8","12.9","8","0.5","11","0.636","9","0.556","0.725","0.702","4.7","3","0.7","1","0.3","0.4","7.7","5.4","8.4","4.1","130.3","110.6"
"","Jonathan Mogbo","Tor","F","23.1","15","15.5","13.4","19","29","0.69","44","0.523","7","0.143","0.48","0.541","4.6","4","1.5","0.9","0.5","0.8","8.6","6.1","10.1","7.8","117.6","107.9"
"","Jamal Cain","Nor","F","25.7","10","13.4","15.7","15.5","10","0.6","18","0.5","20","0.35","0.513","0.531","4.5","2.9","0.6","0.1","0.5","0.7","7.4","5.1","8","5.9","105.7","110.4"
"","Kenrich Williams","Okc","G-F","30","4","13.3","14.4","11.5","2","1","7","0.714","8","0.25","0.533","0.567","4.5","2.8","1","0.8","1","0.5","7.3","5.5","8.3","7","110.5","88"
"","Gary Payton II","Gol","G","32","13","11.8","13.9","16.6","8","0.625","30","0.767","10","0.2","0.65","0.655","4.4","1.9","1.2","0.7","0.3","0.6","6.3","5.5","7.5","7.3","124.9","100.7"
"","Jock Landale","Hou","C","29.1","10","11.3","17.1","11.8","12","0.583","32","0.438","5","0.6","0.5","0.52","4.4","3.4","0.9","0.2","0.4","0.5","7.8","5.3","8.7","8.4","114.4","99.8"
"","Drew Eubanks","Uta","F-C","27.8","10","13.8","12.7","19.3","13","0.692","26","0.615","3","0.333","0.603","0.634","4.4","3.7","1","0.3","0.6","0.7","8.1","5.4","9.1","7.3","123","113.8"
"","Luke Kornet","Bos","C-F","29.3","13","16.7","8.9","13.4","17","0.941","32","0.625","0","0","0.625","0.709","4.3","3.9","1.7","0.5","0.7","0.4","8.2","6","9.9","7.3","159.4","105.5"
"","Aaron Holiday","Hou","G","28.1","8","9.1","15.7","11.9","7","0.714","6","0.667","16","0.438","0.659","0.678","4.3","0.8","1.5","0.1","0.1","0.4","5","5.8","6.5","7.6","137.4","107.5"
"","Max Christie","Lal","G","21.8","12","15.9","13.1","11.4","14","0.929","23","0.435","23","0.261","0.413","0.489","4.3","2","1","0.8","0.3","0.5","6.3","5.3","7.3","5.2","107","111.9"
"","Kris Murray","Por","F","24.2","13","13.4","14.6","12.7","17","0.353","26","0.5","22","0.364","0.521","0.505","4.3","2.6","0.8","0.5","0.2","0.5","6.9","5.1","7.7","6.2","105.8","113"
"","Julian Phillips","Chi","F","21","15","13.9","14.1","12.5","16","0.563","23","0.565","33","0.303","0.5","0.516","4.3","2.1","0.5","0.8","0.1","0.5","6.4","4.8","6.9","4.8","101.4","110.2"
"","Bones Hyland","Lac","G","24.2","4","5.3","33.9","6.5","4","1","7","0.286","7","0.429","0.464","0.539","4.3","0.8","0","0.5","0.5","0.3","5","4.3","5","0","107.5","101.4"
"","Isaiah Collier","Uta","G","20.1","6","18","13.5","34.1","6","0.5","12","0.833","9","0.111","0.548","0.55","4.3","2.3","2.7","1","0.3","1.8","6.7","7","9.3","6.6","92.5","113"
"","Alex Caruso","Okc","G","30.7","11","19.6","12.9","11.2","7","0.714","23","0.435","32","0.219","0.373","0.396","4.2","2.9","2.3","1.7","0.6","0.6","7.1","6.5","9.4","6.2","96.6","92.4"
"","Blake Wesley","San","G","21.7","13","11.8","19.5","21.8","11","0.818","37","0.541","13","0.154","0.46","0.501","4.2","0.6","1.7","0.4","0.1","1.1","4.8","5.9","6.5","5.5","96.1","113.4"
"","Jett Howard","Orl","G","21.2","14","8.7","19.8","9","2","1","8","0.375","42","0.405","0.57","0.58","4.2","0.9","0.2","0.1","0.4","0.4","5.1","4.4","5.3","4.2","104.2","101.5"
"","Spencer Dinwiddie","Dal","G","31.6","13","16.9","12.2","12.2","12","0.75","18","0.389","32","0.313","0.44","0.479","4.1","1.2","1.6","0.4","0.2","0.5","5.2","5.7","6.8","4.7","103.7","112.8"
"","Thomas Bryant","Mia","C-F","27.3","7","12.7","11.9","4.5","5","1","10","0.6","11","0.364","0.571","0.625","4.1","3.6","0.6","0.1","0.7","0.1","7.7","4.7","8.3","6.5","136.4","106.9"
"","Paul Reed","Det","F","25.4","7","9.5","18","22.8","5","0.8","18","0.611","2","0.5","0.625","0.653","4.1","1.6","0.4","0.6","0.6","0.9","5.7","4.6","6.1","5.8","107","89"
"","Marcus Sasser","Det","G","24.2","8","10.9","15.1","9.9","2","1","16","0.688","11","0.273","0.574","0.592","4.1","0.9","0.8","0.4","0.3","0.4","5","4.9","5.8","5.3","114.7","113.4"
"","Dalen Terry","Chi","F","22.4","15","13","14.8","24.5","21","0.714","32","0.531","14","0.286","0.5","0.552","4.1","1.9","0.9","0.6","0.4","1","5.9","5","6.9","5.9","102.7","110.3"
"","Moussa Diabate","Cha","F","22.8","13","16.1","10.4","22.8","8","0.375","37","0.676","0","0","0.676","0.654","4.1","7.3","0.5","0.4","0.9","0.8","11.4","4.6","11.9","6.1","123.7","108.1"
"","Vasilije Micic","Cha","G","30.8","5","14.6","20","18.1","4","0.5","15","0.2","12","0.333","0.333","0.348","4","2.8","1.2","0.4","0","1.2","6.8","5.2","8","6.5","77.9","112.9"
"","Ousmane Dieng","Okc","F","21.5","14","12.3","16.1","4.9","9","0.778","23","0.478","35","0.257","0.422","0.452","4","2.9","0.9","0.6","0.3","0.2","6.9","4.9","7.8","7.1","104.1","96.2"
"","Josh Richardson","Mia","G","31.2","8","18.7","13.9","17.2","4","1","16","0.313","22","0.273","0.368","0.402","4","1.5","1.5","1","0.1","1","5.5","5.5","7","4.4","87.7","106.1"
"","DeAndre Jordan","Den","C","36.3","3","11.5","20.8","31.3","2","0","11","0.545","0","0","0.545","0.505","4","5","0.7","0","0.3","1.7","9","4.7","9.7","8.4","89.5","104.4"
"","TyTy Washington Jr.","Pho","G","23","2","11.5","11.5","0","0","0","3","0.333","3","0.667","0.667","0.667","4","0.5","1","0.5","0","0","4.5","5","5.5","4.4","141.2","120.5"
"","Malcolm Brogdon","Was","G","31.9","2","20.5","12.5","17.7","3","0.667","6","0.5","3","0","0.333","0.388","4","1.5","0.5","0","0","1","5.5","4.5","6","2.8","75.4","129"
"","Trendon Watford","Bro","G-F","24","1","13.4","16.2","22.5","2","1","2","0.5","1","0","0.333","0.515","4","3","3","0","0","1","7","7","10","9.9","110.6","112.3"
"","Cole Anthony","Orl","G","24.5","13","10.1","23.7","23.7","20","0.65","25","0.4","23","0.261","0.396","0.449","3.9","2.2","1.8","0.6","0.1","1.2","6.1","5.7","7.8","9.9","88.9","92.9"
"","Reggie Jackson","Phi","G","34.6","5","11.3","17.9","13","0","0","8","0.25","12","0.417","0.475","0.475","3.8","1.2","2.2","0.4","0","0.6","5","6","7.2","7.6","103","109.1"
"","Doug McDermott","Sac","F","32.9","11","11.1","15.9","2.4","5","0.6","7","0.429","34","0.324","0.476","0.486","3.8","0.9","0.3","0.2","0.1","0.1","4.7","4.1","5","3.6","100.3","108.5"
"","Wendell Moore Jr.","Det","G","23.2","6","14.2","10.7","14.8","3","0.667","13","0.692","4","0.25","0.618","0.628","3.8","2.7","0.8","0.7","0.2","0.5","6.5","4.7","7.3","5.7","119.8","107.8"
"","Rayan Rupert","Por","G-F","20.5","13","10.8","14.2","15.1","6","0.667","21","0.571","18","0.389","0.577","0.588","3.8","1.8","0.2","0.5","0.1","0.5","5.5","4","5.8","4.1","109.6","111.7"
"","Cody Williams","Uta","F","20","13","20.6","12","13.8","10","0.6","28","0.393","34","0.206","0.347","0.369","3.8","2.5","1.4","0.5","0.3","0.8","6.2","5.2","7.6","4.6","85.2","118.1"
"","Taj Gibson","Cha","F","39.4","6","12.6","13.5","21.5","3","0.667","16","0.563","2","0.5","0.583","0.595","3.8","4.2","0.2","0.2","0.5","0.8","8","4","8.2","4.7","109.1","100.1"
"","Damion Lee","Pho","G-F","32.1","3","11.3","16.7","17.5","4","1","4","0.5","5","0.2","0.389","0.511","3.7","1.7","1.3","0.3","0","0.7","5.3","5","6.7","7.1","103.2","115.1"
"","Reed Sheppard","Hou","G","20.4","15","11.9","15.3","14.9","0","0","26","0.423","31","0.355","0.482","0.482","3.7","1.3","1.5","0.3","0.3","0.7","4.9","5.1","6.4","6.5","101.9","104.3"
"","Tyler Kolek","Nyk","G","23.6","9","7.8","18.8","21.1","4","1","9","0.444","13","0.538","0.659","0.694","3.7","0.8","0.7","0.3","0","0.7","4.4","4.3","5.1","6.5","116.1","111"
"","Bol Bol","Pho","C-F","25","3","5.6","27.9","12.1","6","0.667","3","0.667","4","0.25","0.5","0.571","3.7","1","0.3","0","0","0.3","4.7","4","5","7.4","113.3","114.4"
"","Nicolas Batum","Lac","G-F","35.9","15","16.8","10.4","13.7","8","0.75","12","0.5","38","0.316","0.48","0.504","3.6","2.5","1.5","0.4","0.7","0.5","6.1","5.1","7.6","5.7","109.7","107.7"
"","Patty Mills","Uta","G","36.3","9","15.3","12.3","20.3","3","1","7","0.571","24","0.292","0.468","0.495","3.6","0.9","1.4","0.7","0.2","0.9","4.4","5","5.9","4.3","96","118.6"
"","Daniel Theis","Nor","F-C","32.6","11","14.3","12.9","18","8","0.75","26","0.538","10","0.2","0.472","0.506","3.6","3.5","1.4","0.3","0.6","0.7","7.2","5","8.5","7.3","104.9","110.3"
"","Andre Jackson Jr.","Mil","G","23","13","17.5","11.5","32","8","0.5","16","0.5","22","0.409","0.566","0.566","3.6","2.2","1.5","0.8","0.3","1.4","5.8","5.1","7.3","5.2","91.2","101.3"
"","Gary Harris","Orl","G","30.2","13","16.6","10.3","9.9","3","0.667","11","0.364","34","0.353","0.489","0.497","3.5","1.5","0.5","0.3","0.4","0.4","5.1","4","5.5","3.3","100.3","108.9"
"","Bruno Fernando","Tor","F-C","26.3","11","9.1","19.7","22","6","0.833","35","0.486","0","0","0.486","0.518","3.5","3.4","1.1","0.1","0.6","0.9","6.9","4.6","8","10.4","103.3","101.2"
"","Chris Duarte","Chi","G","27.4","6","4.7","19.6","0","8","0.75","3","1","7","0.429","0.75","0.777","3.5","0.7","0.3","0","0","0","4.2","3.8","4.5","7.7","160","119.8"
"","Nate Williams","Hou","G","25.8","2","3.6","22.7","0","0","0","2","1","2","0.5","0.875","0.875","3.5","1.5","0","0.5","0","0","5","3.5","5","0","0","0"
"","Orlando Robinson","Sac","C","24.4","2","9.8","15.1","57.5","4","0.5","1","1","1","1","1.25","0.931","3.5","3","0.5","0.5","0","1.5","6.5","4","7","7.1","105.1","96.5"
"","Dario Saric","Den","F-C","30.6","7","15.7","14.7","16.1","2","0.5","18","0.389","13","0.231","0.371","0.376","3.4","3.7","1.3","0.6","0","0.9","7.1","4.7","8.4","6.5","86.4","108.8"
"","Trey Jemison","Nor","C","25","8","10.1","14.6","24.7","8","0.75","18","0.556","0","0","0.556","0.604","3.3","3.3","0.6","0.3","0.5","0.8","6.5","3.9","7.1","7.4","115.1","99.2"
"","Marvin Bagley III","Was","F","25.7","9","5.9","27.5","21.7","7","0.714","21","0.571","4","0","0.48","0.516","3.2","2.2","0.2","0.1","0.1","0.8","5.4","3.4","5.7","7.6","93.5","122.5"
"","Jordan McLaughlin","Sac","G","28.6","12","9.7","14.1","15","10","0.8","13","0.462","15","0.4","0.536","0.586","3.2","1.1","1.3","0.5","0","0.4","4.3","4.4","5.5","6.8","119.4","109.3"
"","Ryan Rollins","Mil","G","22.4","9","7.6","20.4","23.1","4","0.75","12","0.333","11","0.545","0.565","0.586","3.2","1.2","1","0.8","0.4","0.8","4.4","4.2","5.4","8.2","104.2","100.7"
"","Tre Jones","San","G","24.9","2","17.4","12.2","12","4","0.75","4","0","3","0.333","0.214","0.342","3","2","3.5","0.5","0","0.5","5","6.5","8.5","6.3","104.5","108.9"
"","Collin Gillespie","Pho","G","25.4","1","3.5","25.2","0","0","0","1","0","1","1","0.75","0.75","3","0","0","0","0","0","3","3","3","0","0","0"
"","Richaun Holmes","Was","F","31.1","2","3.9","31.9","0","0","0","5","0.6","1","0","0.5","0.5","3","1","0","0","0","0","4","3","4","0","0","0"
"","Svi Mykhailiuk","Uta","G-F","27.4","2","7.8","21.7","25","0","0","1","0","5","0.4","0.5","0.5","3","0.5","1","0.5","0","1","3.5","4","4.5","5.9","86.1","109.4"
"","David Duke Jr.","San","G","25.1","1","8.2","25.9","0","2","0.5","3","0.333","1","0","0.25","0.307","3","0","2","0","0","0","3","5","5","0","89.4","109.3"
"","Gabe Vincent","Lal","G","28.4","13","18.1","11.5","11.4","4","0.5","20","0.45","34","0.176","0.333","0.341","2.9","1","0.5","0.7","0","0.5","3.9","3.5","4.5","2.5","73","113.6"
"","Matas Buzelis","Chi","F","20.1","14","8.6","18.7","17.9","10","0.7","19","0.263","22","0.364","0.415","0.452","2.9","1.9","0.2","0.4","0.5","0.6","4.9","3.1","5.1","4.8","83.5","108.2"
"","Dru Smith","Mia","G","26.9","5","10.5","13.3","18.8","0","0","8","0.5","5","0.4","0.538","0.538","2.8","2.6","1","0.6","0.8","0.6","5.4","3.8","6.4","7.4","103.3","104.6"
"","Jabari Walker","Por","F","22.3","11","8.4","15.8","15.4","8","0.875","18","0.5","9","0.222","0.444","0.508","2.8","2.5","0.3","0.2","0.1","0.5","5.4","3.1","5.6","6.1","104","103.2"
"","Kobe Brown","Lac","F","24.9","4","6.5","22.8","0","2","0.5","9","0.556","4","0","0.385","0.396","2.8","2.5","0.5","0.3","0","0","5.3","3.3","5.8","9.3","103.8","107.8"
"","Christian Koloko","Lal","C","24.4","5","9.6","10.8","16.7","0","0","9","0.778","1","0","0.7","0.7","2.8","2","0.4","0.4","0.4","0.4","4.8","3.2","5.2","5.5","130.7","106.7"
"","Steven Adams","Hou","C","31.3","7","11.5","13.9","45.5","8","0.375","13","0.615","0","0","0.615","0.575","2.7","2.9","1.1","0.4","0","1.6","5.6","3.9","6.7","7.1","88.8","97.1"
"","Delon Wright","Mil","G","32.6","11","18.1","9.5","11.9","2","0","13","0.462","24","0.25","0.405","0.396","2.7","1.6","2.2","1","0.5","0.5","4.4","4.9","6.5","4.7","100","113.2"
"","John Konchar","Mem","G","28.7","7","15.9","6.8","17.3","4","0.75","2","1","12","0.333","0.571","0.603","2.7","3.7","1.1","0.4","0.7","0.4","6.4","3.9","7.6","5.6","127.5","106.8"
"","Tidjane Salaun","Cha","F","19.3","11","16.3","13.3","14.5","4","0.25","15","0.267","32","0.219","0.309","0.308","2.7","3.5","1.1","0.4","0.1","0.7","6.2","3.8","7.3","5.4","76.8","115"
"","Pacome Dadiet","Nyk","F","19.3","7","9.6","11.9","5.7","2","1","5","0.2","11","0.455","0.531","0.563","2.7","1.7","0.6","0.1","0.3","0.1","4.4","3.3","5","5.8","117.2","110.9"
"","Jevon Carter","Chi","G","29.2","5","7","18.8","6.3","0","0","5","0.4","10","0.3","0.433","0.433","2.6","1","0.8","0.6","0","0.2","3.6","3.4","4.4","7.3","96.2","115.2"
"","Jae'Sean Tate","Hou","F","29.1","6","4.1","25.2","22.6","5","0.6","9","0.667","1","0","0.6","0.615","2.5","2.2","0.7","0.2","0","0.5","4.7","3.2","5.3","15.3","113.4","83.7"
"","Johnny Davis","Was","G","22.7","11","7.5","14.1","3.7","2","0.5","22","0.455","4","0.5","0.5","0.502","2.5","1.3","0.2","0.3","0.1","0.1","3.7","2.6","3.9","4.6","105.8","115"
"","Dillon Jones","Okc","F","23.1","13","7.7","18.7","14.6","6","0.5","16","0.625","19","0.158","0.414","0.425","2.5","1.8","0.7","0.2","0.1","0.5","4.3","3.2","5","7.6","95.1","94.9"
"","Tyler Smith","Mil","F","20","8","3.6","22.8","14.1","2","0.5","5","1","7","0.429","0.792","0.776","2.5","0.8","0","0","0.3","0.3","3.3","2.5","3.3","0","0","0"
"","Ja'Kobe Walter","Tor","G","20.2","4","12.2","15.4","0","5","0.6","10","0.2","6","0.167","0.219","0.275","2.5","2.8","0.8","0","0.3","0","5.3","3.3","6","5.8","84.4","106.1"
"","Maxi Kleber","Dal","F","32.8","5","14.9","8","22.7","2","0.5","7","0.571","3","0.333","0.55","0.551","2.4","2.2","0.6","0","0.2","0.6","4.6","3","5.2","3.9","96.3","106"
"","Kai Jones","Lac","C-F","23.8","10","8.6","10.6","26","5","0.6","14","0.714","0","0","0.714","0.71","2.3","2.1","0.3","0","0.7","0.5","4.4","2.6","4.7","5.3","121.4","105.3"
"","Hunter Tyson","Den","F","24.4","8","9.9","10.9","15.4","3","1","7","0.857","9","0.111","0.469","0.52","2.3","1.6","0.5","0.3","0.1","0.4","3.9","2.8","4.4","5","102.8","103.4"
"","Kel'el Ware","Mia","C","20.6","8","6","20.1","13.6","0","0","13","0.462","6","0.333","0.474","0.474","2.3","1.1","0","0.3","0.5","0.4","3.4","2.3","3.4","0","78.7","100.6"
"","Tyrese Martin","Bro","F","25.7","4","5.3","16.9","12.5","0","0","1","0","6","0.5","0.643","0.643","2.3","0.5","0","0","0","0.3","2.8","2.3","2.8","0","101.1","124.7"
"","Shake Milton","Bro","G","28.1","11","9.5","10.2","8.5","2","1","5","0.4","16","0.375","0.524","0.548","2.2","0.8","1.3","0.2","0","0.2","3","3.5","4.3","5.5","129","114.7"
"","Ricky Council IV","Phi","G","23.3","10","7.4","17.1","11.3","6","1","13","0.385","10","0.2","0.348","0.429","2.2","0.9","0.7","0","0","0.3","3.1","2.9","3.8","6","95.1","118.7"
"","Patrick Baldwin Jr.","Was","F","22","9","5.1","17.8","5.5","4","0.5","8","0.5","9","0.333","0.5","0.506","2.1","0.9","0.1","0.2","0.1","0.1","3","2.2","3.1","4.5","102.5","116.9"
"","Craig Porter","Cle","G","24.7","10","7","12.9","20.7","4","0.75","10","0.6","5","0.4","0.6","0.626","2.1","1","1","0.2","0.4","0.4","3.1","3.1","4.1","7.3","119.3","109.4"
"","Tristan Thompson","Cle","C-F","33.7","6","5.2","19.2","27.3","6","0","8","0.75","0","0","0.75","0.564","2","0.8","0.2","0","0","0.5","2.8","2.2","3","5.3","77.5","109.5"
"","Alex Len","Sac","C","31.4","12","8.8","10.7","24.8","4","0.5","14","0.786","4","0","0.611","0.607","2","2.5","0.8","0.2","0.9","0.5","4.5","2.8","5.3","7.2","113.6","99.9"
"","Jeff Dowtin Jr.","Phi","G","27.5","8","10","11.9","4.9","4","0.75","11","0.455","8","0.125","0.342","0.385","2","1","1.1","0.4","0","0.1","3","3.1","4.1","5.2","99.6","112.9"
"","Antonio Reeves","Nor","G","22","7","6.4","19","5","0","0","8","0.5","11","0.182","0.368","0.368","2","0.9","0.1","0.4","0","0.1","2.9","2.1","3","3.5","79.5","117.2"
"","Alex Reese","Okc","F-G","25.5","1","1.9","22.5","0","0","0","1","1","0","0","1","1","2","1","0","0","0","0","3","2","3","0","0","0"
"","Ulrich Chomche","Tor","C","18.9","1","4.5","9.1","0","0","0","1","1","0","0","1","1","2","1","0","0","0","0","3","2","3","0","200","122.2"
"","Adama Sanogo","Chi","F","22.8","3","4.6","18.1","16.7","0","0","5","0.6","0","0","0.6","0.6","2","0.7","0.3","0","0","0.3","2.7","2.3","3","6.5","113.9","118.5"
"","Luka Garza","Min","C","25.9","4","4.2","35","15.4","1","0","7","0.571","4","0","0.364","0.35","2","1.3","0","0","0","0.5","3.3","2","3.3","0","63.4","108.6"
"","Rob Dillingham","Min","G","19.9","7","5.3","20.1","35.3","0","0","8","0.5","3","0.667","0.636","0.636","2","0.4","1","0","0","0.9","2.4","3","3.4","7","94.6","117.1"
"","Jeff Green","Hou","F","38.2","5","5.6","11.7","12.5","0","0","2","1","5","0.4","0.714","0.714","2","0.6","0.2","0.2","0","0.2","2.6","2.2","2.8","4.4","125.8","103.5"
"","KJ Simpson","Cha","G","22.3","1","6.9","12.2","0","0","0","1","1","1","0","0.5","0.5","2","3","1","0","0","0","5","3","6","10.5","145.2","122.2"
"","JT Thor","Cle","F","22.2","1","1.6","27.2","0","0","0","1","1","0","0","1","1","2","0","0","0","1","0","2","2","2","0","0","0"
"","Dwight Powell","Dal","F-C","33.3","12","9.2","7.4","32.5","16","0.688","8","0.75","0","0","0.75","0.765","1.9","2.2","0.8","0.3","0.5","0.3","4.1","2.7","4.8","6.5","145.2","95.1"
"","Anthony Gill","Was","F","32.1","9","4.3","14.6","8.3","4","0.25","8","0.625","3","0.667","0.727","0.666","1.9","0.8","0.3","0.2","0","0.1","2.7","2.2","3","7.2","125.9","119.7"
"","Jericho Sims","Nyk","C","26.1","14","13.8","6.3","30.6","3","0.333","18","0.722","0","0","0.722","0.699","1.9","4.1","0.6","0.1","0.4","0.6","6.1","2.5","6.6","4.8","130.8","106.9"
"","MarJon Beauchamp","Mil","F","24.1","8","3.4","37.2","32.6","4","1","8","0.5","6","0.167","0.393","0.476","1.9","0.8","0.1","0.1","0","0.9","2.6","2","2.8","6.3","0","0"
"","Johnny Furphy","Ind","G","19.9","6","6.5","20.8","21.7","1","1","8","0.375","6","0.167","0.321","0.346","1.7","1","0.2","0.2","0.2","0.7","2.7","1.8","2.8","4.3","68","122"
"","Torrey Craig","Chi","F","33.9","3","5.8","16.3","0","2","1","0","0","6","0.167","0.25","0.363","1.7","1.3","0.3","0","0","0","3","2","3.3","6","87.8","108.5"
"","Liam Robbins","Mil","C","25.4","3","5.5","12.7","0","4","0.25","2","1","1","0","0.667","0.525","1.7","1","0","0","0","0","2.7","1.7","2.7","0","121.5","101.5"
"","Zeke Nnaji","Den","F-C","23.9","8","6.2","13.5","7.1","4","0.25","8","0.75","5","0","0.462","0.44","1.6","0.9","0.4","0.1","0.3","0.1","2.5","2","2.9","5.4","98.1","110.9"
"","Olivier-Maxence Prosper","Dal","F","22.4","8","6.4","15.5","5.4","1","1","14","0.429","3","0","0.353","0.373","1.6","1.3","0","0","0","0.1","2.9","1.6","2.9","0","92.7","108.4"
"","Xavier Tillman","Bos","F","25.9","10","9.4","12","11.5","0","0","9","0.333","14","0.214","0.326","0.326","1.5","2","0.6","0.3","0","0.3","3.5","2.1","4.1","5.2","87.3","107.3"
"","Trevelin Queen","Orl","G","27.7","2","2.5","34.6","25","0","0","2","0","1","1","0.5","0.5","1.5","0","0","0","0","0.5","1.5","1.5","1.5","0","0","0"
"","Brandon Williams","Dal","G","25","4","4.7","28.2","17.7","3","0.667","7","0.286","2","0","0.222","0.291","1.5","1","0.5","0","0","0.5","2.5","2","3","7.7","67","106.7"
"","Lester Quinones","Phi","G","24","2","2.5","21.5","0","1","1","1","1","1","0","0.5","0.615","1.5","1.5","0.5","0","0","0","3","2","3.5","16.6","0","0"
"","Adam Flagler","Okc","G","25","6","2.5","14.3","0","0","0","0","0","5","0.6","0.9","0.9","1.5","0.3","0","0.2","0","0","1.8","1.5","1.8","0","0","0"
"","Jazian Gortman","Dal","G","21.7","2","2.3","19","50","0","0","0","0","1","1","1.5","1.5","1.5","0","0","0","0","0.5","1.5","1.5","1.5","0","0","0"
"","Jaylen Martin","Bro","G","20.8","2","1.6","14.4","0","0","0","0","0","1","1","1.5","1.5","1.5","0","0","0","0","0","1.5","1.5","1.5","0","0","0"
"","Josh Minott","Min","F","22","6","7","12.4","26.7","2","0.5","4","1","4","0","0.5","0.507","1.5","0.7","0.2","0","0.3","0.5","2.2","1.7","2.3","3.4","76.9","98.3"
"","Isaac Jones","Sac","F","24.4","7","3.5","15.7","23.7","2","1","6","0.667","0","0","0.667","0.727","1.4","0.4","0","0","0.1","0.3","1.9","1.4","1.9","0","0","0"
"","Nick Smith Jr.","Cha","G","20.6","5","4.6","20.2","9.1","0","0","5","0.4","5","0.2","0.35","0.35","1.4","0.2","0.2","0.2","0","0.2","1.6","1.6","1.8","3.3","74.2","117"
"","Cory Joseph","Orl","G","33.2","9","3.7","19.7","6.7","0","0","3","0","11","0.364","0.429","0.429","1.3","0.7","0.8","0.1","0.2","0.1","2","2.1","2.8","9.7","0","0"
"","Vlatko Cancar","Den","F","27.6","3","7.7","9.2","20","0","0","3","0.667","1","0","0.5","0.5","1.3","1.3","0","0","0.3","0.3","2.7","1.3","2.7","0","96","107.2"
"","Pat Spencer","Gol","G","28.4","3","1.5","26.9","0","0","0","3","0.667","0","0","0.667","0.667","1.3","0","0.3","0","0","0","1.3","1.7","1.7","0","0","0"
"","Ariel Hukporti","Nyk","C","22.6","7","9.7","10.4","46","2","0.5","8","0.5","0","0","0.5","0.507","1.3","2","0.4","0","1.1","1","3.3","1.7","3.7","4.2","69.5","101.6"
"","Baylor Scheierman","Bos","G","24.1","3","6","16.6","0","2","1","2","0.5","4","0","0.167","0.291","1.3","1.3","0","0","0","0","2.7","1.3","2.7","0","77.5","103.6"
"","Jordan Walsh","Bos","G","20.7","12","9","9","9.1","1","0","4","0.5","16","0.25","0.4","0.391","1.3","1","0.3","0.3","0.3","0.2","2.3","1.6","2.6","3.2","88.7","106.8"
"","Enrique Freeman","Ind","F","24.3","7","9.8","8.8","16.1","4","1","6","0.167","4","0.25","0.25","0.383","1.3","1.1","0.6","0.3","0.1","0.3","2.4","1.9","3","3.9","91.6","107.7"
"","Luke Travers","Cle","F","23.2","3","3","13.9","41","2","1","1","1","0","0","1","1.064","1.3","1.3","0.7","0","0.3","0.3","2.7","2","3.3","14.1","0","0"
"","Gui Santos","Gol","F","22.4","5","4","12.2","38.3","2","0.5","1","1","2","0.5","0.833","0.773","1.2","1","0.4","0","0","0.4","2.2","1.6","2.6","7.8","109.8","96.6"
"","Jaylon Tyson","Cle","G-F","22","6","4.4","18.2","39.1","2","0.5","2","0","4","0.5","0.5","0.509","1.2","0.7","0.3","0","0","0.7","1.8","1.5","2.2","5.7","69.9","87.3"
"","Charles Bassey","San","C-F","24.1","7","5.6","12.1","28.7","2","1","7","0.429","0","0","0.429","0.508","1.1","1.9","0.4","0.4","0.6","0.4","3","1.6","3.4","6.7","93.9","106.4"
"","Adem Bona","Phi","F","21.6","10","3.4","10.9","23.7","1","1","6","0.833","0","0","0.833","0.854","1.1","1.3","0","0","0.3","0.2","2.4","1.1","2.4","0","0","0"
"","Duop Reath","Por","C","28.4","7","4","20.6","7.1","0","0","4","0.25","9","0.222","0.308","0.308","1.1","0.6","0.3","0","0.1","0.1","1.7","1.4","2","5.8","77.9","111.4"
"","James Johnson","Ind","F","37.7","2","3","22.2","33.3","0","0","1","1","1","0","0.5","0.5","1","0","0.5","0","0.5","0.5","1","1.5","1.5","0","0","0"
"","Garrett Temple","Tor","G-F","38.5","5","4.7","10.4","16.7","0","0","3","0.333","2","0.5","0.5","0.5","1","0.8","1","0.6","0.2","0.2","1.8","2","2.8","7.9","119.2","89.3"
"","JD Davison","Bos","G","22.1","3","4.8","26.6","48.7","2","0.5","2","0.5","2","0","0.25","0.307","1","0.3","0.3","0.3","0","1.3","1.3","1.3","1.7","3.7","40.6","106.9"
"","Mouhamed Gueye","Atl","F","22","2","5.7","17.9","20","0","0","2","0.5","2","0","0.25","0.25","1","1","0","0","0","0.5","2","1","2","0","41.7","121.8"
"","Karlo Matkovic","Nor","F-C","23.6","2","2.4","27.2","66.7","0","0","1","1","0","0","1","1","1","2","0","0","0.5","1","3","1","3","0","0","0"
"","Reece Beekman","Gol","G","23.1","2","2.1","10.1","0","0","0","1","1","0","0","1","1","1","0.5","0.5","0.5","0","0","1.5","1.5","2","12","0","0"
"","Terrence Shannon Jr.","Min","G-F","24.3","4","3.7","14.8","40","0","0","2","1","1","0","0.667","0.667","1","0","0.5","0.5","0.3","0.5","1","1.5","1.5","0","0","0"
"","PJ Dozier","Min","G-F","28.1","4","3.7","8.5","0","2","0.5","0","0","2","0.5","0.75","0.694","1","0.8","0.5","0.3","0","0","1.8","1.5","2.3","8","0","0"
"","Jared Rhoden","Cha","G","25.2","4","2.9","32.3","11.1","0","0","6","0.333","2","0","0.25","0.25","1","1","0.5","0.3","0","0.3","2","1.5","2.5","10.9","0","0"
"","Jack McVeigh","Hou","G-F","28.4","5","3.5","23.5","10","0","0","3","0.333","6","0.167","0.278","0.278","1","0.4","0","0","0.2","0.2","1.4","1","1.4","0","0","0"
"","Markieff Morris","Dal","F","35.2","2","4.8","26.8","0","0","0","4","0.25","2","0","0.167","0.167","1","2","1","0","0","0","3","2","4","10.5","58.6","109.6"
"","Stanley Umude","Mil","G","25.6","3","4.5","12.6","0","2","0","0","0","3","0.333","0.5","0.387","1","0.7","0.3","0","0.3","0","1.7","1.3","2","5.3","87.9","119"
"","Caleb Houstan","Orl","G","21.9","9","4.8","13.1","0","0","0","3","0.333","10","0.2","0.308","0.308","0.9","0.8","0","0","0.1","0","1.7","0.9","1.7","0","71.1","96.1"
"","Yuki Kawamura","Mem","G","23.6","9","2.9","24.3","20.9","4","0.75","3","0.333","8","0.125","0.227","0.313","0.9","0.2","0.7","0","0","0.3","1.1","1.6","1.8","6.9","0","0"
"","Jaden Springer","Bos","G","22.2","4","4.1","18.3","16.1","2","0.5","3","0.333","2","0","0.2","0.255","0.8","1","0.3","0.5","0","0.3","1.8","1","2","6.1","74.8","103.1"
"","D.J. Carton","Tor","G","24.3","4","8.4","14.1","35","1","1","4","0.25","3","0","0.143","0.202","0.8","1","0.8","0.5","0","1","1.8","1.5","2.5","4.1","42.9","118.9"
"","Matt Ryan","Nyk","F","27.6","4","5.7","11.8","0","0","0","2","0","4","0.25","0.25","0.25","0.8","0","0","0","0","0","0.8","0.8","0.8","0","55.8","126"
"","Trey Alexander","Den","G","21.6","3","2.4","18","0","0","0","2","0.5","1","0","0.333","0.333","0.7","0.3","0","0","0","0","1","0.7","1","0","0","0"
"","Colby Jones","Sac","G","22.5","7","2.1","14.6","40","0","0","2","0.5","1","1","0.833","0.833","0.7","0.4","0.1","0","0.1","0.3","1.1","0.9","1.3","5.8","0","0"
"","Bronny James","Lal","G","20.1","6","2.6","18.8","0","2","1","2","0.5","4","0","0.167","0.291","0.7","0.2","0.3","0.2","0","0","0.8","1","1.2","5.3","0","0"
"","Sidy Cissoko","San","G","20.6","7","2.8","12.9","20","2","0","3","0.333","1","1","0.625","0.512","0.7","0.9","0.6","0","0","0.1","1.6","1.3","2.1","10.3","0","0"
"","Colin Castleton","Mem","C","24.5","6","2.3","8","0","4","1","0","0","1","0","0","0.725","0.7","0.8","0","0","0.2","0","1.5","0.7","1.5","0","0","0"
"","Jacob Toppin","Nyk","F","24.5","4","3.2","7","0","0","0","1","1","1","0","0.5","0.5","0.5","0.5","0.5","0","0","0","1","1","1.5","6.3","0","0"
"","AJ Johnson","Mil","G","20","4","2.1","21.2","25","0","0","3","0.333","0","0","0.333","0.333","0.5","0.3","0.3","0","0","0.3","0.8","0.8","1","6.8","0","0"
"","Dominick Barlow","Atl","F","21.5","2","5.4","7.2","0","2","0.5","1","0","0","0","0","0.266","0.5","0","0","0","0","0","0.5","0.5","0.5","0","62.6","117.3"
"","Jalen Bridges","Pho","F","23.5","2","5.5","19.6","47.4","2","0.5","0","0","2","0","0","0.174","0.5","0.5","0","0","0","1","1","0.5","1","0","21.7","121.8"
"","Cui Yongxi","Bro","F","21.5","3","1.5","19.1","0","2","0.5","1","0","0","0","0","0.266","0.3","0","0","0","0","0","0.3","0.3","0.3","0","0","0"
"","Malevy Leons","Okc","F","25.2","6","3.5","9.7","31.1","4","0.5","1","0","1","0","0","0.266","0.3","0.5","0.2","0","0","0.2","0.8","0.5","1","3.6","0","0"
"","Joe Ingles","Min","F-G","37.1","7","3.7","5","33.3","0","0","0","0","2","0","0","0","0","0.3","1.3","0","0","0.1","0.3","1.3","1.6","0","0","0"
"","Jalen Pickett","Den","G","25.1","2","1.9","11.2","0","0","0","0","0","1","0","0","0","0","0","0","0","0","0","0","0","0","0","0","0"
"","Justin Champagnie","Was","G-F","23.4","2","2.3","0","0","0","0","0","0","0","0","0","0","0","1","0.5","0","0","0","1","0.5","1.5","0","0","0"
"","Kessler Edwards","Dal","F","24.3","3","2.5","17.1","33.3","0","0","0","0","2","0","0","0","0","0","0","0","0","0.3","0","0","0","0","0","0"
"","Mac McClung","Orl","G","25.9","1","4.9","0","0","0","0","0","0","0","0","0","0","0","1","2","0","0","0","1","2","3","0","0","109.9"
"","Dariq Whitehead","Bro","G-F","20.3","1","2","44.6","100","0","0","0","0","0","0","0","0","0","1","0","0","0","2","1","0","1","0","0","0"
"","Drew Peterson","Bos","F","25","3","2.5","11.6","50","0","0","0","0","1","0","0","0","0","0.3","0.3","0.3","0.7","0.3","0.3","0.3","0.7","0","0","0"
"","Daniss Jenkins","Det","G","23.3","2","2.5","17.1","0","0","0","0","0","2","0","0","0","0","0","0","0","0","0","0","0","0","0","0","0"
"","Alex Ducas","Okc","G","23.9","4","1.8","17.5","0","0","0","1","0","2","0","0","0","0","0","0","0","0","0","0","0","0","0","0","0"
"","Spencer Jones","Den","F","23.4","1","2.2","0","0","0","0","0","0","0","0","0","0","0","1","0","1","0","0","1","0","1","0","0","0"
"","Riley Minix","San","F","24.2","1","6.8","6.4","0","0","0","0","0","1","0","0","0","0","2","0","0","0","0","2","0","2","0","0","113.8"
"","Harrison Ingram","San","F","22","1","6.8","6.4","0","0","0","1","0","0","0","0","0","0","1","0","0","0","0","1","0","1","0","0","102"
"","Maxwell Lewis","Lal","F","22.3","2","1.6","0","0","0","0","0","0","0","0","0","0","0","0","0","0","0","0","0","0","0","0","0","0"
"","Jalen Hood-Schifino","Lal","G","21.4","1","1.5","0","0","0","0","0","0","0","0","0","0","0","0","0","0","0","0","0","0","0","0","0","0"
"","Mason Jones","Sac","G","26.3","3","4.2","6.9","0","0","0","0","0","2","0","0","0","0","1.3","2.3","0","0","0","1.3","2.3","3.7","0","133.7","107"
"","Chris Livingston","Mil","F","21.1","1","1.9","23.1","0","0","0","1","0","0","0","0","0","0","0","0","0","0","0","0","0","0","0","0","0"
"","E.J. Liddell","Chi","F","23.9","1","0.8","0","0","0","0","0","0","0","0","0","0","0","0","0","0","0","0","0","0","0","0","0","0"
"","Armel Traore","Lal","F","21.8","1","4.5","9.6","0","0","0","0","0","1","0","0","0","0","1","0","0","0","0","1","0","1","0","0","95.1"
"","PJ Hall","Den","C","22.7","1","1.4","0","0","0","0","0","0","0","0","0","0","0","0","0","0","0","0","0","0","0","0","0","0"
"","Tristen Newton","Ind","G","23.6","1","0.7","62.4","0","0","0","1","0","0","0","0","0","0","0","0","0","0","0","0","0","0","0","0","0"